date,datetime_utc,league,home,away,score,sign,home_id,away_id,market_source
2023-08-11,2023-08-11T17:00:00+00:00,segunda,Amorebieta,Levante,1 - 1,X,7983164,459473,no_auditado
2023-08-11,2023-08-11T17:30:00+00:00,laliga,Almería,Rayo Vallecano,0 - 2,2,616057,620312,no_auditado
2023-08-11,2023-08-11T19:30:00+00:00,segunda,Valladolid,Sporting Gijón,2 - 0,1,613504,622865,no_auditado
2023-08-11,2023-08-11T20:00:00+00:00,laliga,Sevilla FC,Valencia,1 - 2,2,456920,453516,no_auditado
2023-08-12,2023-08-12T15:00:00+00:00,laliga,Real Sociedad,Girona,1 - 1,X,467132,466281,no_auditado
2023-08-12,2023-08-12T17:00:00+00:00,segunda,Racing Santander,Eibar,4 - 0,1,3970699,464579,no_auditado
2023-08-12,2023-08-12T17:30:00+00:00,laliga,Las Palmas,Mallorca,1 - 1,X,455218,679882,no_auditado
2023-08-12,2023-08-12T19:00:00+00:00,segunda,Zaragoza,Villarreal II,2 - 0,1,623716,8166129,no_auditado
2023-08-12,2023-08-12T19:30:00+00:00,laliga,Ath Bilbao,Real Madrid,0 - 2,2,452665,461175,no_auditado
2023-08-12,2023-08-12T20:00:00+00:00,segunda,Elche,Racing Ferrol,0 - 1,2,679031,8007843,no_auditado
2023-08-13,2023-08-13T15:00:00+00:00,laliga,Celta de Vigo,Osasuna,0 - 2,2,458622,619461,no_auditado
2023-08-13,2023-08-13T15:00:00+00:00,segunda,Burgos,Huesca,1 - 1,X,8153364,618610,no_auditado
2023-08-13,2023-08-13T17:30:00+00:00,laliga,Villarreal,Real Betis,1 - 2,2,454367,462877,no_auditado
2023-08-13,2023-08-13T17:30:00+00:00,segunda,Albacete,Espanol,1 - 1,X,615206,460324,no_auditado
2023-08-13,2023-08-13T17:30:00+00:00,segunda,FC Cartagena,Eldense,0 - 1,2,4478746,8248676,no_auditado
2023-08-13,2023-08-13T19:30:00+00:00,laliga,Getafe,Barcelona,0 - 0,X,465430,450963,no_auditado
2023-08-13,2023-08-13T20:00:00+00:00,segunda,Leganes,FC Andorra,0 - 1,2,457771,6942391,no_auditado
2023-08-14,2023-08-14T17:00:00+00:00,segunda,Mirandes,Alcorcón,4 - 0,1,680733,605845,no_auditado
2023-08-14,2023-08-14T17:30:00+00:00,laliga,Cadiz,Alavés,1 - 0,1,616908,462026,no_auditado
2023-08-14,2023-08-14T19:30:00+00:00,laliga,Atlético Madrid,Granada CF,3 - 1,1,451814,609249,no_auditado
2023-08-14,2023-08-14T19:30:00+00:00,segunda,Tenerife,Oviedo,1 - 0,1,612653,611802,no_auditado
2023-08-18,2023-08-18T17:00:00+00:00,segunda,FC Andorra,FC Cartagena,3 - 2,1,6942391,4478746,no_auditado
2023-08-18,2023-08-18T17:30:00+00:00,laliga,Mallorca,Villarreal,0 - 1,2,679882,454367,no_auditado
2023-08-18,2023-08-18T19:30:00+00:00,laliga,Valencia,Las Palmas,1 - 0,1,453516,455218,no_auditado
2023-08-18,2023-08-18T19:30:00+00:00,segunda,Zaragoza,Valladolid,1 - 0,1,623716,613504,no_auditado
2023-08-19,2023-08-19T15:00:00+00:00,laliga,Real Sociedad,Celta de Vigo,1 - 1,X,467132,458622,no_auditado
2023-08-19,2023-08-19T15:00:00+00:00,segunda,Eibar,Elche,2 - 1,1,464579,679031,no_auditado
2023-08-19,2023-08-19T17:00:00+00:00,segunda,Espanol,Racing Santander,2 - 0,1,460324,3970699,no_auditado
2023-08-19,2023-08-19T17:30:00+00:00,laliga,Almería,Real Madrid,1 - 3,2,616057,461175,no_auditado
2023-08-19,2023-08-19T17:30:00+00:00,segunda,Levante,Burgos,3 - 2,1,459473,8153364,no_auditado
2023-08-19,2023-08-19T19:30:00+00:00,laliga,Osasuna,Ath Bilbao,0 - 2,2,619461,452665,no_auditado
2023-08-19,2023-08-19T20:00:00+00:00,segunda,Alcorcón,Leganes,0 - 2,2,605845,457771,no_auditado
2023-08-20,2023-08-20T15:00:00+00:00,segunda,Oviedo,Racing Ferrol,1 - 1,X,611802,8007843,no_auditado
2023-08-20,2023-08-20T17:00:00+00:00,laliga,Girona,Getafe,3 - 0,1,466281,465430,no_auditado
2023-08-20,2023-08-20T17:30:00+00:00,laliga,Barcelona,Cadiz,2 - 0,1,450963,616908,no_auditado
2023-08-20,2023-08-20T17:30:00+00:00,segunda,Sporting Gijón,Mirandes,3 - 0,1,622865,680733,no_auditado
2023-08-20,2023-08-20T19:30:00+00:00,laliga,Real Betis,Atlético Madrid,0 - 0,X,462877,451814,no_auditado
2023-08-20,2023-08-20T20:00:00+00:00,segunda,Albacete,Amorebieta,2 - 2,X,615206,7983164,no_auditado
2023-08-21,2023-08-21T17:00:00+00:00,laliga,Alavés,Sevilla FC,4 - 3,1,462026,456920,no_auditado
2023-08-21,2023-08-21T17:00:00+00:00,segunda,Villarreal II,Eldense,3 - 1,1,8166129,8248676,no_auditado
2023-08-21,2023-08-21T19:30:00+00:00,laliga,Granada CF,Rayo Vallecano,0 - 2,2,609249,620312,no_auditado
2023-08-21,2023-08-21T19:30:00+00:00,segunda,Huesca,Tenerife,0 - 2,2,618610,612653,no_auditado
2023-08-25,2023-08-25T17:30:00+00:00,laliga,Las Palmas,Real Sociedad,0 - 0,X,455218,467132,no_auditado
2023-08-25,2023-08-25T19:30:00+00:00,laliga,Celta de Vigo,Real Madrid,0 - 1,2,458622,461175,no_auditado
2023-08-25,2023-08-25T19:30:00+00:00,segunda,FC Cartagena,Levante,0 - 1,2,4478746,459473,no_auditado
2023-08-26,2023-08-26T15:00:00+00:00,segunda,Burgos,Oviedo,1 - 0,1,8153364,611802,no_auditado
2023-08-26,2023-08-26T17:00:00+00:00,laliga,Cadiz,Almería,1 - 1,X,616908,616057,no_auditado
2023-08-26,2023-08-26T17:00:00+00:00,segunda,Tenerife,Zaragoza,0 - 1,2,612653,623716,no_auditado
2023-08-26,2023-08-26T17:30:00+00:00,laliga,Granada CF,Mallorca,3 - 2,1,609249,679882,no_auditado
2023-08-26,2023-08-26T19:30:00+00:00,laliga,Sevilla FC,Girona,1 - 2,2,456920,466281,no_auditado
2023-08-26,2023-08-26T19:30:00+00:00,segunda,Elche,Villarreal II,1 - 0,1,679031,8166129,no_auditado
2023-08-26,2023-08-26T19:30:00+00:00,segunda,Valladolid,Alcorcón,0 - 2,2,613504,605845,no_auditado
2023-08-27,2023-08-27T15:00:00+00:00,segunda,Racing Ferrol,Sporting Gijón,2 - 0,1,8007843,622865,no_auditado
2023-08-27,2023-08-27T15:30:00+00:00,laliga,Villarreal,Barcelona,3 - 4,2,454367,450963,no_auditado
2023-08-27,2023-08-27T17:30:00+00:00,laliga,Valencia,Osasuna,1 - 2,2,453516,619461,no_auditado
2023-08-27,2023-08-27T17:30:00+00:00,segunda,Amorebieta,FC Andorra,3 - 0,1,7983164,6942391,no_auditado
2023-08-27,2023-08-27T17:30:00+00:00,segunda,Mirandes,Espanol,0 - 1,2,680733,460324,no_auditado
2023-08-27,2023-08-27T19:30:00+00:00,laliga,Ath Bilbao,Real Betis,4 - 2,1,452665,462877,no_auditado
2023-08-27,2023-08-27T19:30:00+00:00,segunda,Leganes,Albacete,2 - 0,1,457771,615206,no_auditado
2023-08-28,2023-08-28T17:00:00+00:00,segunda,Eldense,Eibar,2 - 1,1,8248676,464579,no_auditado
2023-08-28,2023-08-28T17:30:00+00:00,laliga,Getafe,Alavés,1 - 0,1,465430,462026,no_auditado
2023-08-28,2023-08-28T19:30:00+00:00,laliga,Rayo Vallecano,Atlético Madrid,0 - 7,2,620312,451814,no_auditado
2023-08-28,2023-08-28T19:30:00+00:00,segunda,Racing Santander,Huesca,0 - 0,X,3970699,618610,no_auditado
2023-09-01,2023-09-01T17:30:00+00:00,laliga,Cadiz,Villarreal,3 - 1,1,616908,454367,no_auditado
2023-09-01,2023-09-01T17:30:00+00:00,segunda,Alcorcón,Racing Ferrol,1 - 1,X,605845,8007843,no_auditado
2023-09-01,2023-09-01T19:30:00+00:00,segunda,Albacete,Valladolid,2 - 0,1,615206,613504,no_auditado
2023-09-01,2023-09-01T20:00:00+00:00,laliga,Almería,Celta de Vigo,2 - 3,2,616057,458622,no_auditado
2023-09-02,2023-09-02T12:00:00+00:00,laliga,Real Sociedad,Granada CF,5 - 3,1,467132,609249,no_auditado
2023-09-02,2023-09-02T14:15:00+00:00,laliga,Real Madrid,Getafe,2 - 1,1,461175,465430,no_auditado
2023-09-02,2023-09-02T14:15:00+00:00,segunda,Sporting Gijón,Burgos,2 - 1,1,622865,8153364,no_auditado
2023-09-02,2023-09-02T16:30:00+00:00,laliga,Alavés,Valencia,1 - 0,1,462026,453516,no_auditado
2023-09-02,2023-09-02T16:30:00+00:00,segunda,Levante,Oviedo,1 - 1,X,459473,611802,no_auditado
2023-09-02,2023-09-02T19:00:00+00:00,laliga,Real Betis,Rayo Vallecano,1 - 0,1,462877,620312,no_auditado
2023-09-02,2023-09-02T19:00:00+00:00,segunda,Elche,Racing Santander,1 - 1,X,679031,3970699,no_auditado
2023-09-02,2023-09-02T19:00:00+00:00,segunda,Villarreal II,FC Cartagena,1 - 2,2,8166129,4478746,no_auditado
2023-09-03,2023-09-03T12:00:00+00:00,laliga,Girona,Las Palmas,1 - 0,1,466281,455218,no_auditado
2023-09-03,2023-09-03T12:00:00+00:00,segunda,FC Andorra,Tenerife,0 - 1,2,6942391,612653,no_auditado
2023-09-03,2023-09-03T14:15:00+00:00,laliga,Mallorca,Ath Bilbao,0 - 0,X,679882,452665,no_auditado
2023-09-03,2023-09-03T14:15:00+00:00,segunda,Eibar,Leganes,0 - 1,2,464579,457771,no_auditado
2023-09-03,2023-09-03T16:30:00+00:00,segunda,Espanol,Amorebieta,3 - 2,1,460324,7983164,no_auditado
2023-09-03,2023-09-03T16:30:00+00:00,segunda,Zaragoza,Eldense,2 - 0,1,623716,8248676,no_auditado
2023-09-03,2023-09-03T19:00:00+00:00,laliga,Osasuna,Barcelona,1 - 2,2,619461,450963,no_auditado
2023-09-03,2023-09-03T19:00:00+00:00,segunda,Huesca,Mirandes,1 - 1,X,618610,680733,no_auditado
2023-09-08,2023-09-08T19:00:00+00:00,segunda,Levante,Espanol,1 - 4,2,459473,460324,no_auditado
2023-09-09,2023-09-09T14:15:00+00:00,segunda,Burgos,Eibar,1 - 0,1,8153364,464579,no_auditado
2023-09-09,2023-09-09T16:30:00+00:00,segunda,Oviedo,Sporting Gijón,0 - 0,X,611802,622865,no_auditado
2023-09-09,2023-09-09T19:00:00+00:00,segunda,Leganes,Huesca,2 - 0,1,457771,618610,no_auditado
2023-09-09,2023-09-09T19:00:00+00:00,segunda,Tenerife,Albacete,2 - 0,1,612653,615206,no_auditado
2023-09-10,2023-09-10T14:15:00+00:00,segunda,Racing Ferrol,Villarreal II,2 - 2,X,8007843,8166129,no_auditado
2023-09-10,2023-09-10T14:15:00+00:00,segunda,Racing Santander,Amorebieta,1 - 0,1,3970699,7983164,no_auditado
2023-09-10,2023-09-10T16:30:00+00:00,segunda,FC Cartagena,Zaragoza,1 - 3,2,4478746,623716,no_auditado
2023-09-10,2023-09-10T16:30:00+00:00,segunda,Mirandes,FC Andorra,4 - 3,1,680733,6942391,no_auditado
2023-09-10,2023-09-10T19:00:00+00:00,segunda,Valladolid,Elche,1 - 1,X,613504,679031,no_auditado
2023-09-11,2023-09-11T19:00:00+00:00,segunda,Eldense,Alcorcón,2 - 2,X,8248676,605845,no_auditado
2023-09-15,2023-09-15T19:00:00+00:00,laliga,Rayo Vallecano,Alavés,2 - 0,1,620312,462026,no_auditado
2023-09-15,2023-09-15T19:30:00+00:00,segunda,Zaragoza,Racing Santander,1 - 1,X,623716,3970699,no_auditado
2023-09-16,2023-09-16T12:00:00+00:00,laliga,Ath Bilbao,Cadiz,3 - 0,1,452665,616908,no_auditado
2023-09-16,2023-09-16T14:15:00+00:00,laliga,Valencia,Atlético Madrid,3 - 0,1,453516,451814,no_auditado
2023-09-16,2023-09-16T14:15:00+00:00,segunda,Huesca,Villarreal II,2 - 2,X,618610,8166129,no_auditado
2023-09-16,2023-09-16T16:30:00+00:00,laliga,Celta de Vigo,Mallorca,0 - 1,2,458622,679882,no_auditado
2023-09-16,2023-09-16T16:30:00+00:00,segunda,Alcorcón,Levante,0 - 2,2,605845,459473,no_auditado
2023-09-16,2023-09-16T16:30:00+00:00,segunda,Valladolid,FC Cartagena,1 - 0,1,613504,4478746,no_auditado
2023-09-16,2023-09-16T19:00:00+00:00,laliga,Barcelona,Real Betis,5 - 0,1,450963,462877,no_auditado
2023-09-16,2023-09-16T19:00:00+00:00,segunda,Albacete,Burgos,2 - 1,1,615206,8153364,no_auditado
2023-09-17,2023-09-17T12:00:00+00:00,laliga,Getafe,Osasuna,3 - 2,1,465430,619461,no_auditado
2023-09-17,2023-09-17T12:00:00+00:00,segunda,Amorebieta,Mirandes,2 - 0,1,7983164,680733,no_auditado
2023-09-17,2023-09-17T14:15:00+00:00,laliga,Villarreal,Almería,2 - 1,1,454367,616057,no_auditado
2023-09-17,2023-09-17T14:15:00+00:00,segunda,Eibar,Racing Ferrol,2 - 0,1,464579,8007843,no_auditado
2023-09-17,2023-09-17T16:30:00+00:00,laliga,Sevilla FC,Las Palmas,1 - 0,1,456920,455218,no_auditado
2023-09-17,2023-09-17T16:30:00+00:00,segunda,Elche,Leganes,1 - 0,1,679031,457771,no_auditado
2023-09-17,2023-09-17T16:30:00+00:00,segunda,Espanol,Eldense,3 - 3,X,460324,8248676,no_auditado
2023-09-17,2023-09-17T19:00:00+00:00,laliga,Real Madrid,Real Sociedad,2 - 1,1,461175,467132,no_auditado
2023-09-17,2023-09-17T19:00:00+00:00,segunda,Sporting Gijón,Tenerife,2 - 1,1,622865,612653,no_auditado
2023-09-18,2023-09-18T19:00:00+00:00,laliga,Granada CF,Girona,2 - 4,2,609249,466281,no_auditado
2023-09-18,2023-09-18T19:00:00+00:00,segunda,FC Andorra,Oviedo,1 - 0,1,6942391,611802,no_auditado
2023-09-22,2023-09-22T19:00:00+00:00,laliga,Alavés,Ath Bilbao,0 - 2,2,462026,452665,no_auditado
2023-09-22,2023-09-22T19:00:00+00:00,segunda,FC Cartagena,Eibar,1 - 2,2,4478746,464579,no_auditado
2023-09-23,2023-09-23T12:00:00+00:00,laliga,Girona,Mallorca,5 - 3,1,466281,679882,no_auditado
2023-09-23,2023-09-23T12:00:00+00:00,segunda,FC Andorra,Sporting Gijón,0 - 0,X,6942391,622865,no_auditado
2023-09-23,2023-09-23T14:15:00+00:00,laliga,Osasuna,Sevilla FC,0 - 0,X,619461,456920,no_auditado
2023-09-23,2023-09-23T14:15:00+00:00,segunda,Levante,Eldense,2 - 0,1,459473,8248676,no_auditado
2023-09-23,2023-09-23T16:30:00+00:00,laliga,Barcelona,Celta de Vigo,3 - 2,1,450963,458622,no_auditado
2023-09-23,2023-09-23T16:30:00+00:00,segunda,Burgos,Elche,4 - 0,1,8153364,679031,no_auditado
2023-09-23,2023-09-23T19:00:00+00:00,laliga,Almería,Valencia,2 - 2,X,616057,453516,no_auditado
2023-09-23,2023-09-23T19:00:00+00:00,segunda,Alcorcón,Huesca,0 - 2,2,605845,618610,no_auditado
2023-09-23,2023-09-23T19:00:00+00:00,segunda,Racing Santander,Albacete,2 - 1,1,3970699,615206,no_auditado
2023-09-24,2023-09-24T12:00:00+00:00,laliga,Real Sociedad,Getafe,4 - 3,1,467132,465430,no_auditado
2023-09-24,2023-09-24T12:00:00+00:00,segunda,Villarreal II,Amorebieta,3 - 1,1,8166129,7983164,no_auditado
2023-09-24,2023-09-24T14:15:00+00:00,laliga,Rayo Vallecano,Villarreal,1 - 1,X,620312,454367,no_auditado
2023-09-24,2023-09-24T14:15:00+00:00,segunda,Oviedo,Valladolid,0 - 1,2,611802,613504,no_auditado
2023-09-24,2023-09-24T16:30:00+00:00,laliga,Las Palmas,Granada CF,1 - 0,1,455218,609249,no_auditado
2023-09-24,2023-09-24T16:30:00+00:00,laliga,Real Betis,Cadiz,1 - 1,X,462877,616908,no_auditado
2023-09-24,2023-09-24T16:30:00+00:00,segunda,Mirandes,Leganes,1 - 3,2,680733,457771,no_auditado
2023-09-24,2023-09-24T19:00:00+00:00,laliga,Atlético Madrid,Real Madrid,3 - 1,1,451814,461175,no_auditado
2023-09-25,2023-09-25T19:00:00+00:00,segunda,Racing Ferrol,Zaragoza,1 - 0,1,8007843,623716,no_auditado
2023-09-25,2023-09-25T19:00:00+00:00,segunda,Tenerife,Espanol,1 - 0,1,612653,460324,no_auditado
2023-09-26,2023-09-26T17:00:00+00:00,laliga,Sevilla FC,Almería,5 - 1,1,456920,616057,no_auditado
2023-09-26,2023-09-26T19:30:00+00:00,laliga,Mallorca,Barcelona,2 - 2,X,679882,450963,no_auditado
2023-09-27,2023-09-27T17:00:00+00:00,laliga,Ath Bilbao,Getafe,2 - 2,X,452665,465430,no_auditado
2023-09-27,2023-09-27T17:00:00+00:00,laliga,Real Madrid,Las Palmas,2 - 0,1,461175,455218,no_auditado
2023-09-27,2023-09-27T17:00:00+00:00,laliga,Villarreal,Girona,1 - 2,2,454367,466281,no_auditado
2023-09-27,2023-09-27T19:30:00+00:00,laliga,Cadiz,Rayo Vallecano,0 - 0,X,616908,620312,no_auditado
2023-09-27,2023-09-27T19:30:00+00:00,laliga,Valencia,Real Sociedad,0 - 1,2,453516,467132,no_auditado
2023-09-28,2023-09-28T17:00:00+00:00,laliga,Celta de Vigo,Alavés,1 - 1,X,458622,462026,no_auditado
2023-09-28,2023-09-28T17:00:00+00:00,laliga,Granada CF,Real Betis,1 - 1,X,609249,462877,no_auditado
2023-09-28,2023-09-28T19:30:00+00:00,laliga,Osasuna,Atlético Madrid,0 - 2,2,619461,451814,no_auditado
2023-09-29,2023-09-29T19:00:00+00:00,laliga,Barcelona,Sevilla FC,1 - 0,1,450963,456920,no_auditado
2023-09-29,2023-09-29T19:00:00+00:00,segunda,Leganes,Racing Santander,2 - 1,1,457771,3970699,no_auditado
2023-09-30,2023-09-30T12:00:00+00:00,laliga,Getafe,Villarreal,0 - 0,X,465430,454367,no_auditado
2023-09-30,2023-09-30T14:15:00+00:00,laliga,Rayo Vallecano,Mallorca,2 - 2,X,620312,679882,no_auditado
2023-09-30,2023-09-30T14:15:00+00:00,segunda,Eibar,Tenerife,3 - 0,1,464579,612653,no_auditado
2023-09-30,2023-09-30T16:30:00+00:00,laliga,Girona,Real Madrid,0 - 3,2,466281,461175,no_auditado
2023-09-30,2023-09-30T16:30:00+00:00,segunda,Elche,Levante,0 - 0,X,679031,459473,no_auditado
2023-09-30,2023-09-30T19:00:00+00:00,laliga,Real Sociedad,Ath Bilbao,3 - 0,1,467132,452665,no_auditado
2023-09-30,2023-09-30T19:00:00+00:00,segunda,Albacete,FC Andorra,3 - 1,1,615206,6942391,no_auditado
2023-09-30,2023-09-30T19:00:00+00:00,segunda,Villarreal II,Alcorcón,2 - 2,X,8166129,605845,no_auditado
2023-10-01,2023-10-01T12:00:00+00:00,laliga,Almería,Granada CF,3 - 3,X,616057,609249,no_auditado
2023-10-01,2023-10-01T12:00:00+00:00,segunda,Eldense,Oviedo,1 - 3,2,8248676,611802,no_auditado
2023-10-01,2023-10-01T14:15:00+00:00,laliga,Alavés,Osasuna,0 - 2,2,462026,619461,no_auditado
2023-10-01,2023-10-01T16:30:00+00:00,segunda,Amorebieta,FC Cartagena,0 - 0,X,7983164,4478746,no_auditado
2023-10-01,2023-10-01T16:30:00+00:00,segunda,Valladolid,Burgos,3 - 0,1,613504,8153364,no_auditado
2023-10-01,2023-10-01T16:30:00+00:00,segunda,Zaragoza,Mirandes,0 - 1,2,623716,680733,no_auditado
2023-10-01,2023-10-01T19:00:00+00:00,laliga,Atlético Madrid,Cadiz,3 - 2,1,451814,616908,no_auditado
2023-10-01,2023-10-01T19:00:00+00:00,laliga,Real Betis,Valencia,3 - 0,1,462877,453516,no_auditado
2023-10-01,2023-10-01T19:00:00+00:00,segunda,Huesca,Sporting Gijón,0 - 1,2,618610,622865,no_auditado
2023-10-02,2023-10-02T19:00:00+00:00,laliga,Las Palmas,Celta de Vigo,2 - 1,1,455218,458622,no_auditado
2023-10-02,2023-10-02T19:00:00+00:00,segunda,Espanol,Racing Ferrol,3 - 0,1,460324,8007843,no_auditado
2023-10-03,2023-10-03T17:00:00+00:00,segunda,Alcorcón,Albacete,1 - 2,2,605845,615206,no_auditado
2023-10-03,2023-10-03T17:00:00+00:00,segunda,Levante,Villarreal II,1 - 1,X,459473,8166129,no_auditado
2023-10-03,2023-10-03T19:30:00+00:00,segunda,Tenerife,Racing Santander,2 - 0,1,612653,3970699,no_auditado
2023-10-04,2023-10-04T17:00:00+00:00,segunda,Eldense,Valladolid,0 - 1,2,8248676,613504,no_auditado
2023-10-04,2023-10-04T17:00:00+00:00,segunda,Oviedo,Huesca,1 - 0,1,611802,618610,no_auditado
2023-10-04,2023-10-04T19:30:00+00:00,segunda,Burgos,Leganes,1 - 0,1,8153364,457771,no_auditado
2023-10-04,2023-10-04T19:30:00+00:00,segunda,Sporting Gijón,Elche,2 - 0,1,622865,679031,no_auditado
2023-10-05,2023-10-05T17:00:00+00:00,segunda,FC Andorra,Zaragoza,0 - 1,2,6942391,623716,no_auditado
2023-10-05,2023-10-05T17:00:00+00:00,segunda,Mirandes,Eibar,1 - 3,2,680733,464579,no_auditado
2023-10-05,2023-10-05T19:30:00+00:00,segunda,FC Cartagena,Espanol,0 - 2,2,4478746,460324,no_auditado
2023-10-05,2023-10-05T19:30:00+00:00,segunda,Racing Ferrol,Amorebieta,1 - 0,1,8007843,7983164,no_auditado
2023-10-06,2023-10-06T19:00:00+00:00,laliga,Ath Bilbao,Almería,3 - 0,1,452665,616057,no_auditado
2023-10-06,2023-10-06T19:00:00+00:00,segunda,Albacete,Levante,0 - 2,2,615206,459473,no_auditado
2023-10-07,2023-10-07T12:00:00+00:00,laliga,Cadiz,Girona,0 - 1,2,616908,466281,no_auditado
2023-10-07,2023-10-07T14:15:00+00:00,laliga,Real Madrid,Osasuna,4 - 0,1,461175,619461,no_auditado
2023-10-07,2023-10-07T14:15:00+00:00,segunda,Huesca,Eldense,0 - 1,2,618610,8248676,no_auditado
2023-10-07,2023-10-07T16:30:00+00:00,laliga,Mallorca,Valencia,1 - 1,X,679882,453516,no_auditado
2023-10-07,2023-10-07T16:30:00+00:00,segunda,Racing Santander,Sporting Gijón,3 - 2,1,3970699,622865,no_auditado
2023-10-07,2023-10-07T19:00:00+00:00,laliga,Sevilla FC,Rayo Vallecano,2 - 2,X,456920,620312,no_auditado
2023-10-07,2023-10-07T19:00:00+00:00,segunda,Leganes,Oviedo,0 - 0,X,457771,611802,no_auditado
2023-10-08,2023-10-08T12:00:00+00:00,laliga,Villarreal,Las Palmas,1 - 2,2,454367,455218,no_auditado
2023-10-08,2023-10-08T12:00:00+00:00,segunda,Amorebieta,Eibar,1 - 2,2,7983164,464579,no_auditado
2023-10-08,2023-10-08T14:15:00+00:00,laliga,Atlético Madrid,Real Sociedad,2 - 1,1,451814,467132,no_auditado
2023-10-08,2023-10-08T14:15:00+00:00,segunda,Valladolid,Mirandes,3 - 2,1,613504,680733,no_auditado
2023-10-08,2023-10-08T16:30:00+00:00,laliga,Alavés,Real Betis,1 - 1,X,462026,462877,no_auditado
2023-10-08,2023-10-08T16:30:00+00:00,laliga,Celta de Vigo,Getafe,2 - 2,X,458622,465430,no_auditado
2023-10-08,2023-10-08T16:30:00+00:00,segunda,Racing Ferrol,FC Cartagena,1 - 1,X,8007843,4478746,no_auditado
2023-10-08,2023-10-08T16:30:00+00:00,segunda,Tenerife,Burgos,2 - 1,1,612653,8153364,no_auditado
2023-10-08,2023-10-08T19:00:00+00:00,laliga,Granada CF,Barcelona,2 - 2,X,609249,450963,no_auditado
2023-10-08,2023-10-08T19:00:00+00:00,segunda,Zaragoza,Alcorcón,0 - 2,2,623716,605845,no_auditado
2023-10-09,2023-10-09T17:00:00+00:00,segunda,Elche,FC Andorra,2 - 1,1,679031,6942391,no_auditado
2023-10-09,2023-10-09T19:00:00+00:00,segunda,Villarreal II,Espanol,3 - 1,1,8166129,460324,no_auditado
2023-10-13,2023-10-13T19:00:00+00:00,segunda,Oviedo,Albacete,3 - 0,1,611802,615206,no_auditado
2023-10-14,2023-10-14T14:15:00+00:00,segunda,Mirandes,Tenerife,1 - 1,X,680733,612653,no_auditado
2023-10-14,2023-10-14T16:30:00+00:00,segunda,FC Cartagena,Racing Santander,2 - 3,2,4478746,3970699,no_auditado
2023-10-14,2023-10-14T16:30:00+00:00,segunda,Sporting Gijón,Zaragoza,2 - 2,X,622865,623716,no_auditado
2023-10-14,2023-10-14T19:00:00+00:00,segunda,Espanol,Valladolid,2 - 0,1,460324,613504,no_auditado
2023-10-15,2023-10-15T12:00:00+00:00,segunda,Burgos,Villarreal II,3 - 2,1,8153364,8166129,no_auditado
2023-10-15,2023-10-15T14:15:00+00:00,segunda,Eldense,Elche,1 - 1,X,8248676,679031,no_auditado
2023-10-15,2023-10-15T14:15:00+00:00,segunda,FC Andorra,Alcorcón,2 - 0,1,6942391,605845,no_auditado
2023-10-15,2023-10-15T16:30:00+00:00,segunda,Eibar,Huesca,1 - 1,X,464579,618610,no_auditado
2023-10-15,2023-10-15T16:30:00+00:00,segunda,Leganes,Amorebieta,6 - 0,1,457771,7983164,no_auditado
2023-10-16,2023-10-16T19:00:00+00:00,segunda,Levante,Racing Ferrol,1 - 0,1,459473,8007843,no_auditado
2023-10-20,2023-10-20T19:00:00+00:00,laliga,Osasuna,Granada CF,2 - 0,1,619461,609249,no_auditado
2023-10-20,2023-10-20T19:00:00+00:00,segunda,Espanol,Leganes,0 - 1,2,460324,457771,no_auditado
2023-10-21,2023-10-21T12:00:00+00:00,laliga,Real Sociedad,Mallorca,1 - 0,1,467132,679882,no_auditado
2023-10-21,2023-10-21T14:15:00+00:00,laliga,Getafe,Real Betis,1 - 1,X,465430,462877,no_auditado
2023-10-21,2023-10-21T14:15:00+00:00,segunda,Amorebieta,Oviedo,0 - 0,X,7983164,611802,no_auditado
2023-10-21,2023-10-21T14:15:00+00:00,segunda,Villarreal II,Mirandes,0 - 3,2,8166129,680733,no_auditado
2023-10-21,2023-10-21T16:30:00+00:00,laliga,Sevilla FC,Real Madrid,1 - 1,X,456920,461175,no_auditado
2023-10-21,2023-10-21T16:30:00+00:00,segunda,Tenerife,Levante,0 - 0,X,612653,459473,no_auditado
2023-10-21,2023-10-21T19:00:00+00:00,laliga,Celta de Vigo,Atlético Madrid,0 - 3,2,458622,451814,no_auditado
2023-10-21,2023-10-21T19:00:00+00:00,segunda,Zaragoza,Eibar,2 - 3,2,623716,464579,no_auditado
2023-10-22,2023-10-22T12:00:00+00:00,laliga,Las Palmas,Rayo Vallecano,0 - 1,2,455218,620312,no_auditado
2023-10-22,2023-10-22T12:00:00+00:00,segunda,Racing Ferrol,Eldense,1 - 1,X,8007843,8248676,no_auditado
2023-10-22,2023-10-22T14:15:00+00:00,laliga,Girona,Almería,5 - 2,1,466281,616057,no_auditado
2023-10-22,2023-10-22T14:15:00+00:00,segunda,Huesca,Elche,0 - 1,2,618610,679031,no_auditado
2023-10-22,2023-10-22T16:30:00+00:00,laliga,Villarreal,Alavés,1 - 1,X,454367,462026,no_auditado
2023-10-22,2023-10-22T16:30:00+00:00,segunda,Albacete,Sporting Gijón,1 - 3,2,615206,622865,no_auditado
2023-10-22,2023-10-22T16:30:00+00:00,segunda,Racing Santander,Burgos,3 - 0,1,3970699,8153364,no_auditado
2023-10-22,2023-10-22T19:00:00+00:00,laliga,Barcelona,Ath Bilbao,1 - 0,1,450963,452665,no_auditado
2023-10-22,2023-10-22T19:00:00+00:00,segunda,Valladolid,FC Andorra,2 - 0,1,613504,6942391,no_auditado
2023-10-23,2023-10-23T19:00:00+00:00,laliga,Valencia,Cadiz,2 - 0,1,453516,616908,no_auditado
2023-10-23,2023-10-23T19:00:00+00:00,segunda,Alcorcón,FC Cartagena,1 - 1,X,605845,4478746,no_auditado
2023-10-27,2023-10-27T19:00:00+00:00,laliga,Girona,Celta de Vigo,1 - 0,1,466281,458622,no_auditado
2023-10-27,2023-10-27T19:00:00+00:00,segunda,Eibar,Valladolid,5 - 1,1,464579,613504,no_auditado
2023-10-28,2023-10-28T12:00:00+00:00,laliga,Almería,Las Palmas,1 - 2,2,616057,455218,no_auditado
2023-10-28,2023-10-28T12:00:00+00:00,segunda,Eldense,Amorebieta,2 - 0,1,8248676,7983164,no_auditado
2023-10-28,2023-10-28T14:15:00+00:00,laliga,Barcelona,Real Madrid,1 - 2,2,450963,461175,no_auditado
2023-10-28,2023-10-28T16:30:00+00:00,laliga,Mallorca,Getafe,0 - 0,X,679882,465430,no_auditado
2023-10-28,2023-10-28T16:30:00+00:00,segunda,FC Andorra,Levante,2 - 0,1,6942391,459473,no_auditado
2023-10-28,2023-10-28T16:30:00+00:00,segunda,Sporting Gijón,Espanol,2 - 0,1,622865,460324,no_auditado
2023-10-28,2023-10-28T19:00:00+00:00,laliga,Cadiz,Sevilla FC,2 - 2,X,616908,456920,no_auditado
2023-10-28,2023-10-28T19:00:00+00:00,segunda,Elche,Tenerife,2 - 1,1,679031,612653,no_auditado
2023-10-29,2023-10-29T13:00:00+00:00,laliga,Real Betis,Osasuna,2 - 1,1,462877,619461,no_auditado
2023-10-29,2023-10-29T13:00:00+00:00,segunda,Mirandes,FC Cartagena,2 - 1,1,680733,4478746,no_auditado
2023-10-29,2023-10-29T15:15:00+00:00,laliga,Rayo Vallecano,Real Sociedad,2 - 2,X,620312,467132,no_auditado
2023-10-29,2023-10-29T15:15:00+00:00,segunda,Huesca,Albacete,0 - 0,X,618610,615206,no_auditado
2023-10-29,2023-10-29T17:30:00+00:00,laliga,Ath Bilbao,Valencia,2 - 2,X,452665,453516,no_auditado
2023-10-29,2023-10-29T17:30:00+00:00,segunda,Leganes,Villarreal II,1 - 0,1,457771,8166129,no_auditado
2023-10-29,2023-10-29T17:30:00+00:00,segunda,Oviedo,Alcorcón,2 - 0,1,611802,605845,no_auditado
2023-10-29,2023-10-29T20:00:00+00:00,laliga,Atlético Madrid,Alavés,2 - 1,1,451814,462026,no_auditado
2023-10-29,2023-10-29T20:00:00+00:00,segunda,Racing Santander,Racing Ferrol,1 - 3,2,3970699,8007843,no_auditado
2023-10-30,2023-10-30T20:00:00+00:00,laliga,Granada CF,Villarreal,2 - 3,2,609249,454367,no_auditado
2023-10-30,2023-10-30T20:00:00+00:00,segunda,Burgos,Zaragoza,1 - 1,X,8153364,623716,no_auditado
2023-11-03,2023-11-03T20:00:00+00:00,laliga,Las Palmas,Atlético Madrid,2 - 1,1,455218,451814,no_auditado
2023-11-03,2023-11-03T20:00:00+00:00,segunda,Espanol,Eibar,2 - 2,X,460324,464579,no_auditado
2023-11-04,2023-11-04T13:00:00+00:00,laliga,Osasuna,Girona,2 - 4,2,619461,466281,no_auditado
2023-11-04,2023-11-04T15:15:00+00:00,laliga,Real Betis,Mallorca,2 - 0,1,462877,679882,no_auditado
2023-11-04,2023-11-04T15:15:00+00:00,segunda,Villarreal II,Sporting Gijón,0 - 3,2,8166129,622865,no_auditado
2023-11-04,2023-11-04T17:30:00+00:00,laliga,Celta de Vigo,Sevilla FC,1 - 1,X,458622,456920,no_auditado
2023-11-04,2023-11-04T17:30:00+00:00,segunda,Levante,Mirandes,2 - 2,X,459473,680733,no_auditado
2023-11-04,2023-11-04T17:30:00+00:00,segunda,Valladolid,Tenerife,2 - 0,1,613504,612653,no_auditado
2023-11-04,2023-11-04T20:00:00+00:00,laliga,Real Sociedad,Barcelona,0 - 1,2,467132,450963,no_auditado
2023-11-04,2023-11-04T20:00:00+00:00,segunda,Albacete,Elche,1 - 1,X,615206,679031,no_auditado
2023-11-05,2023-11-05T13:00:00+00:00,laliga,Alavés,Almería,1 - 0,1,462026,616057,no_auditado
2023-11-05,2023-11-05T13:00:00+00:00,segunda,Racing Ferrol,FC Andorra,1 - 0,1,8007843,6942391,no_auditado
2023-11-05,2023-11-05T15:15:00+00:00,laliga,Valencia,Granada CF,1 - 0,1,453516,609249,no_auditado
2023-11-05,2023-11-05T15:15:00+00:00,segunda,Amorebieta,Huesca,0 - 1,2,7983164,618610,no_auditado
2023-11-05,2023-11-05T17:30:00+00:00,laliga,Villarreal,Ath Bilbao,2 - 3,2,454367,452665,no_auditado
2023-11-05,2023-11-05T17:30:00+00:00,segunda,Alcorcón,Racing Santander,3 - 1,1,605845,3970699,no_auditado
2023-11-05,2023-11-05T17:30:00+00:00,segunda,FC Cartagena,Leganes,0 - 3,2,4478746,457771,no_auditado
2023-11-05,2023-11-05T20:00:00+00:00,laliga,Real Madrid,Rayo Vallecano,0 - 0,X,461175,620312,no_auditado
2023-11-05,2023-11-05T20:00:00+00:00,segunda,Eldense,Burgos,2 - 0,1,8248676,8153364,no_auditado
2023-11-06,2023-11-06T20:00:00+00:00,laliga,Getafe,Cadiz,1 - 0,1,465430,616908,no_auditado
2023-11-06,2023-11-06T20:00:00+00:00,segunda,Zaragoza,Oviedo,0 - 0,X,623716,611802,no_auditado
2023-11-10,2023-11-10T19:30:00+00:00,segunda,Leganes,Levante,2 - 1,1,457771,459473,no_auditado
2023-11-10,2023-11-10T20:00:00+00:00,laliga,Ath Bilbao,Celta de Vigo,4 - 3,1,452665,458622,no_auditado
2023-11-11,2023-11-11T13:00:00+00:00,laliga,Rayo Vallecano,Girona,1 - 2,2,620312,466281,no_auditado
2023-11-11,2023-11-11T15:15:00+00:00,laliga,Almería,Real Sociedad,1 - 3,2,616057,467132,no_auditado
2023-11-11,2023-11-11T15:15:00+00:00,segunda,Racing Santander,Valladolid,2 - 3,2,3970699,613504,no_auditado
2023-11-11,2023-11-11T17:30:00+00:00,laliga,Granada CF,Getafe,1 - 1,X,609249,465430,no_auditado
2023-11-11,2023-11-11T17:30:00+00:00,laliga,Osasuna,Las Palmas,1 - 1,X,619461,455218,no_auditado
2023-11-11,2023-11-11T17:30:00+00:00,segunda,Elche,Zaragoza,2 - 0,1,679031,623716,no_auditado
2023-11-11,2023-11-11T17:30:00+00:00,segunda,Mirandes,Racing Ferrol,1 - 2,2,680733,8007843,no_auditado
2023-11-11,2023-11-11T20:00:00+00:00,laliga,Real Madrid,Valencia,5 - 1,1,461175,453516,no_auditado
2023-11-11,2023-11-11T20:00:00+00:00,segunda,Sporting Gijón,Amorebieta,1 - 1,X,622865,7983164,no_auditado
2023-11-12,2023-11-12T13:00:00+00:00,segunda,Burgos,Alcorcón,4 - 2,1,8153364,605845,no_auditado
2023-11-12,2023-11-12T15:15:00+00:00,laliga,Barcelona,Alavés,2 - 1,1,450963,462026,no_auditado
2023-11-12,2023-11-12T15:15:00+00:00,segunda,FC Andorra,Eldense,1 - 3,2,6942391,8248676,no_auditado
2023-11-12,2023-11-12T17:30:00+00:00,laliga,Sevilla FC,Real Betis,1 - 1,X,456920,462877,no_auditado
2023-11-12,2023-11-12T17:30:00+00:00,segunda,Huesca,Espanol,1 - 1,X,618610,460324,no_auditado
2023-11-12,2023-11-12T17:30:00+00:00,segunda,Tenerife,Villarreal II,0 - 1,2,612653,8166129,no_auditado
2023-11-12,2023-11-12T20:00:00+00:00,laliga,Atlético Madrid,Villarreal,3 - 1,1,451814,454367,no_auditado
2023-11-12,2023-11-12T20:00:00+00:00,segunda,Eibar,Albacete,1 - 1,X,464579,615206,no_auditado
2023-11-13,2023-11-13T20:00:00+00:00,segunda,Oviedo,FC Cartagena,1 - 1,X,611802,4478746,no_auditado
2023-11-17,2023-11-17T20:00:00+00:00,segunda,Valladolid,Leganes,1 - 1,X,613504,457771,no_auditado
2023-11-18,2023-11-18T15:15:00+00:00,segunda,Alcorcón,Sporting Gijón,0 - 0,X,605845,622865,no_auditado
2023-11-18,2023-11-18T17:30:00+00:00,segunda,Amorebieta,Tenerife,2 - 0,1,7983164,612653,no_auditado
2023-11-18,2023-11-18T17:30:00+00:00,segunda,Zaragoza,Huesca,0 - 2,2,623716,618610,no_auditado
2023-11-18,2023-11-18T20:00:00+00:00,segunda,Espanol,Elche,2 - 0,1,460324,679031,no_auditado
2023-11-19,2023-11-19T13:00:00+00:00,segunda,Racing Ferrol,Burgos,1 - 1,X,8007843,8153364,no_auditado
2023-11-19,2023-11-19T15:15:00+00:00,segunda,Eldense,Mirandes,2 - 2,X,8248676,680733,no_auditado
2023-11-19,2023-11-19T15:15:00+00:00,segunda,Oviedo,Eibar,2 - 1,1,611802,464579,no_auditado
2023-11-19,2023-11-19T17:30:00+00:00,segunda,FC Cartagena,Albacete,1 - 1,X,4478746,615206,no_auditado
2023-11-19,2023-11-19T17:30:00+00:00,segunda,Villarreal II,FC Andorra,0 - 0,X,8166129,6942391,no_auditado
2023-11-20,2023-11-20T20:00:00+00:00,segunda,Levante,Racing Santander,2 - 4,2,459473,3970699,no_auditado
2023-11-24,2023-11-24T20:00:00+00:00,laliga,Alavés,Granada CF,3 - 1,1,462026,609249,no_auditado
2023-11-24,2023-11-24T20:00:00+00:00,segunda,Huesca,Valladolid,0 - 1,2,618610,613504,no_auditado
2023-11-25,2023-11-25T13:00:00+00:00,laliga,Rayo Vallecano,Barcelona,1 - 1,X,620312,450963,no_auditado
2023-11-25,2023-11-25T15:15:00+00:00,laliga,Valencia,Celta de Vigo,0 - 0,X,453516,458622,no_auditado
2023-11-25,2023-11-25T15:15:00+00:00,segunda,Burgos,FC Andorra,0 - 0,X,8153364,6942391,no_auditado
2023-11-25,2023-11-25T15:15:00+00:00,segunda,Racing Santander,Villarreal II,2 - 0,1,3970699,8166129,no_auditado
2023-11-25,2023-11-25T17:30:00+00:00,laliga,Getafe,Almería,2 - 1,1,465430,616057,no_auditado
2023-11-25,2023-11-25T17:30:00+00:00,segunda,Albacete,Zaragoza,1 - 0,1,615206,623716,no_auditado
2023-11-25,2023-11-25T20:00:00+00:00,laliga,Atlético Madrid,Mallorca,1 - 0,1,451814,679882,no_auditado
2023-11-25,2023-11-25T20:00:00+00:00,segunda,Eibar,Levante,3 - 1,1,464579,459473,no_auditado
2023-11-26,2023-11-26T13:00:00+00:00,laliga,Villarreal,Osasuna,3 - 1,1,454367,619461,no_auditado
2023-11-26,2023-11-26T13:00:00+00:00,segunda,Leganes,Racing Ferrol,2 - 2,X,457771,8007843,no_auditado
2023-11-26,2023-11-26T15:15:00+00:00,laliga,Real Sociedad,Sevilla FC,2 - 1,1,467132,456920,no_auditado
2023-11-26,2023-11-26T15:15:00+00:00,segunda,Elche,Amorebieta,2 - 0,1,679031,7983164,no_auditado
2023-11-26,2023-11-26T15:15:00+00:00,segunda,Mirandes,Oviedo,2 - 1,1,680733,611802,no_auditado
2023-11-26,2023-11-26T17:30:00+00:00,laliga,Cadiz,Real Madrid,0 - 3,2,616908,461175,no_auditado
2023-11-26,2023-11-26T17:30:00+00:00,segunda,Tenerife,FC Cartagena,1 - 1,X,612653,4478746,no_auditado
2023-11-26,2023-11-26T20:00:00+00:00,laliga,Real Betis,Las Palmas,1 - 0,1,462877,455218,no_auditado
2023-11-26,2023-11-26T20:00:00+00:00,segunda,Espanol,Alcorcón,2 - 0,1,460324,605845,no_auditado
2023-11-27,2023-11-27T20:00:00+00:00,laliga,Girona,Ath Bilbao,1 - 1,X,466281,452665,no_auditado
2023-11-27,2023-11-27T20:00:00+00:00,segunda,Sporting Gijón,Eldense,2 - 0,1,622865,8248676,no_auditado
2023-11-29,2023-11-29T20:00:00+00:00,laliga,Mallorca,Cadiz,1 - 1,X,679882,616908,no_auditado
2023-12-01,2023-12-01T19:30:00+00:00,segunda,Oviedo,Espanol,2 - 0,1,611802,460324,no_auditado
2023-12-01,2023-12-01T20:00:00+00:00,laliga,Las Palmas,Getafe,2 - 0,1,455218,465430,no_auditado
2023-12-02,2023-12-02T13:00:00+00:00,laliga,Girona,Valencia,2 - 1,1,466281,453516,no_auditado
2023-12-02,2023-12-02T15:15:00+00:00,laliga,Ath Bilbao,Rayo Vallecano,4 - 0,1,452665,620312,no_auditado
2023-12-02,2023-12-02T15:15:00+00:00,segunda,Eldense,Tenerife,0 - 3,2,8248676,612653,no_auditado
2023-12-02,2023-12-02T15:15:00+00:00,segunda,FC Cartagena,Sporting Gijón,1 - 0,1,4478746,622865,no_auditado
2023-12-02,2023-12-02T17:30:00+00:00,laliga,Real Madrid,Granada CF,2 - 0,1,461175,609249,no_auditado
2023-12-02,2023-12-02T17:30:00+00:00,segunda,Zaragoza,Leganes,1 - 0,1,623716,457771,no_auditado
2023-12-02,2023-12-02T20:00:00+00:00,laliga,Osasuna,Real Sociedad,1 - 1,X,619461,467132,no_auditado
2023-12-02,2023-12-02T20:00:00+00:00,segunda,Levante,Valladolid,2 - 1,1,459473,613504,no_auditado
2023-12-03,2023-12-03T13:00:00+00:00,laliga,Mallorca,Alavés,0 - 0,X,679882,462026,no_auditado
2023-12-03,2023-12-03T13:00:00+00:00,segunda,FC Andorra,Huesca,1 - 0,1,6942391,618610,no_auditado
2023-12-03,2023-12-03T15:15:00+00:00,laliga,Almería,Real Betis,0 - 0,X,616057,462877,no_auditado
2023-12-03,2023-12-03T15:15:00+00:00,segunda,Alcorcón,Elche,0 - 2,2,605845,679031,no_auditado
2023-12-03,2023-12-03T17:30:00+00:00,laliga,Sevilla FC,Villarreal,1 - 1,X,456920,454367,no_auditado
2023-12-03,2023-12-03T17:30:00+00:00,segunda,Mirandes,Racing Santander,0 - 0,X,680733,3970699,no_auditado
2023-12-03,2023-12-03T17:30:00+00:00,segunda,Racing Ferrol,Albacete,5 - 4,1,8007843,615206,no_auditado
2023-12-03,2023-12-03T20:00:00+00:00,laliga,Barcelona,Atlético Madrid,1 - 0,1,450963,451814,no_auditado
2023-12-03,2023-12-03T20:00:00+00:00,segunda,Amorebieta,Burgos,0 - 1,2,7983164,8153364,no_auditado
2023-12-04,2023-12-04T19:30:00+00:00,segunda,Villarreal II,Eibar,1 - 0,1,8166129,464579,no_auditado
2023-12-04,2023-12-04T20:00:00+00:00,laliga,Celta de Vigo,Cadiz,1 - 1,X,458622,616908,no_auditado
2023-12-08,2023-12-08T17:30:00+00:00,segunda,Albacete,Villarreal II,2 - 0,1,615206,8166129,no_auditado
2023-12-08,2023-12-08T20:00:00+00:00,laliga,Getafe,Valencia,1 - 0,1,465430,453516,no_auditado
2023-12-08,2023-12-08T20:00:00+00:00,segunda,Espanol,Zaragoza,1 - 1,X,460324,623716,no_auditado
2023-12-09,2023-12-09T13:00:00+00:00,laliga,Alavés,Las Palmas,0 - 1,2,462026,455218,no_auditado
2023-12-09,2023-12-09T15:15:00+00:00,laliga,Real Betis,Real Madrid,1 - 1,X,462877,461175,no_auditado
2023-12-09,2023-12-09T15:15:00+00:00,segunda,Valladolid,Amorebieta,2 - 1,1,613504,7983164,no_auditado
2023-12-09,2023-12-09T17:30:00+00:00,laliga,Villarreal,Real Sociedad,0 - 3,2,454367,467132,no_auditado
2023-12-09,2023-12-09T17:30:00+00:00,segunda,Sporting Gijón,Levante,0 - 0,X,622865,459473,no_auditado
2023-12-09,2023-12-09T20:00:00+00:00,laliga,Mallorca,Sevilla FC,1 - 0,1,679882,456920,no_auditado
2023-12-09,2023-12-09T20:00:00+00:00,segunda,Burgos,Mirandes,0 - 0,X,8153364,680733,no_auditado
2023-12-10,2023-12-10T13:00:00+00:00,laliga,Atlético Madrid,Almería,2 - 1,1,451814,616057,no_auditado
2023-12-10,2023-12-10T13:00:00+00:00,segunda,Elche,FC Cartagena,1 - 2,2,679031,4478746,no_auditado
2023-12-10,2023-12-10T15:15:00+00:00,segunda,Racing Santander,Oviedo,2 - 2,X,3970699,611802,no_auditado
2023-12-10,2023-12-10T17:30:00+00:00,laliga,Cadiz,Osasuna,1 - 1,X,616908,619461,no_auditado
2023-12-10,2023-12-10T17:30:00+00:00,segunda,Eibar,FC Andorra,2 - 2,X,464579,6942391,no_auditado
2023-12-10,2023-12-10T17:30:00+00:00,segunda,Leganes,Eldense,1 - 1,X,457771,8248676,no_auditado
2023-12-10,2023-12-10T20:00:00+00:00,laliga,Barcelona,Girona,2 - 4,2,450963,466281,no_auditado
2023-12-10,2023-12-10T20:00:00+00:00,segunda,Huesca,Racing Ferrol,1 - 0,1,618610,8007843,no_auditado
2023-12-11,2023-12-11T15:15:00+00:00,laliga,Granada CF,Ath Bilbao,1 - 1,X,609249,452665,no_auditado
2023-12-11,2023-12-11T20:00:00+00:00,laliga,Rayo Vallecano,Celta de Vigo,0 - 0,X,620312,458622,no_auditado
2023-12-11,2023-12-11T20:00:00+00:00,segunda,Tenerife,Alcorcón,1 - 0,1,612653,605845,no_auditado
2023-12-15,2023-12-15T19:30:00+00:00,segunda,Oviedo,Elche,3 - 2,1,611802,679031,no_auditado
2023-12-15,2023-12-15T20:00:00+00:00,laliga,Osasuna,Rayo Vallecano,1 - 0,1,619461,620312,no_auditado
2023-12-16,2023-12-16T13:00:00+00:00,laliga,Celta de Vigo,Granada CF,1 - 0,1,458622,609249,no_auditado
2023-12-16,2023-12-16T13:00:00+00:00,segunda,Eldense,Racing Santander,3 - 3,X,8248676,3970699,no_auditado
2023-12-16,2023-12-16T15:15:00+00:00,laliga,Ath Bilbao,Atlético Madrid,2 - 0,1,452665,451814,no_auditado
2023-12-16,2023-12-16T15:15:00+00:00,segunda,FC Andorra,Espanol,1 - 1,X,6942391,460324,no_auditado
2023-12-16,2023-12-16T17:30:00+00:00,laliga,Sevilla FC,Getafe,0 - 3,2,456920,465430,no_auditado
2023-12-16,2023-12-16T17:30:00+00:00,segunda,FC Cartagena,Burgos,0 - 3,2,4478746,8153364,no_auditado
2023-12-16,2023-12-16T17:30:00+00:00,segunda,Sporting Gijón,Leganes,1 - 1,X,622865,457771,no_auditado
2023-12-16,2023-12-16T20:00:00+00:00,laliga,Valencia,Barcelona,1 - 1,X,453516,450963,no_auditado
2023-12-16,2023-12-16T20:00:00+00:00,segunda,Mirandes,Albacete,2 - 0,1,680733,615206,no_auditado
2023-12-17,2023-12-17T13:00:00+00:00,laliga,Almería,Mallorca,0 - 0,X,616057,679882,no_auditado
2023-12-17,2023-12-17T13:00:00+00:00,segunda,Alcorcón,Eibar,1 - 0,1,605845,464579,no_auditado
2023-12-17,2023-12-17T15:15:00+00:00,laliga,Real Sociedad,Real Betis,0 - 0,X,467132,462877,no_auditado
2023-12-17,2023-12-17T15:15:00+00:00,segunda,Levante,Huesca,2 - 1,1,459473,618610,no_auditado
2023-12-17,2023-12-17T17:30:00+00:00,laliga,Las Palmas,Cadiz,1 - 1,X,455218,616908,no_auditado
2023-12-17,2023-12-17T17:30:00+00:00,segunda,Amorebieta,Zaragoza,1 - 1,X,7983164,623716,no_auditado
2023-12-17,2023-12-17T20:00:00+00:00,laliga,Real Madrid,Villarreal,4 - 1,1,461175,454367,no_auditado
2023-12-17,2023-12-17T20:00:00+00:00,segunda,Racing Ferrol,Tenerife,3 - 1,1,8007843,612653,no_auditado
2023-12-18,2023-12-18T19:30:00+00:00,segunda,Villarreal II,Valladolid,1 - 0,1,8166129,613504,no_auditado
2023-12-18,2023-12-18T20:00:00+00:00,laliga,Girona,Alavés,3 - 0,1,466281,462026,no_auditado
2023-12-19,2023-12-19T18:00:00+00:00,laliga,Rayo Vallecano,Valencia,0 - 1,2,620312,453516,no_auditado
2023-12-19,2023-12-19T18:00:00+00:00,segunda,Albacete,Eldense,1 - 1,X,615206,8248676,no_auditado
2023-12-19,2023-12-19T18:00:00+00:00,segunda,Racing Santander,FC Andorra,2 - 0,1,3970699,6942391,no_auditado
2023-12-19,2023-12-19T20:30:00+00:00,laliga,Atlético Madrid,Getafe,3 - 3,X,451814,465430,no_auditado
2023-12-19,2023-12-19T20:30:00+00:00,laliga,Granada CF,Sevilla FC,0 - 3,2,609249,456920,no_auditado
2023-12-19,2023-12-19T20:30:00+00:00,segunda,Elche,Mirandes,0 - 0,X,679031,680733,no_auditado
2023-12-19,2023-12-19T20:30:00+00:00,segunda,Espanol,Burgos,3 - 3,X,460324,8153364,no_auditado
2023-12-20,2023-12-20T18:00:00+00:00,laliga,Barcelona,Almería,3 - 2,1,450963,616057,no_auditado
2023-12-20,2023-12-20T18:00:00+00:00,segunda,Zaragoza,Levante,2 - 2,X,623716,459473,no_auditado
2023-12-20,2023-12-20T20:30:00+00:00,laliga,Ath Bilbao,Las Palmas,1 - 0,1,452665,455218,no_auditado
2023-12-20,2023-12-20T20:30:00+00:00,laliga,Villarreal,Celta de Vigo,3 - 2,1,454367,458622,no_auditado
2023-12-20,2023-12-20T20:30:00+00:00,segunda,Eibar,Sporting Gijón,1 - 1,X,464579,622865,no_auditado
2023-12-20,2023-12-20T20:30:00+00:00,segunda,Leganes,Tenerife,1 - 1,X,457771,612653,no_auditado
2023-12-21,2023-12-21T18:00:00+00:00,laliga,Cadiz,Real Sociedad,0 - 0,X,616908,467132,no_auditado
2023-12-21,2023-12-21T18:00:00+00:00,laliga,Real Betis,Girona,1 - 1,X,462877,466281,no_auditado
2023-12-21,2023-12-21T18:00:00+00:00,segunda,Huesca,FC Cartagena,3 - 0,1,618610,4478746,no_auditado
2023-12-21,2023-12-21T18:00:00+00:00,segunda,Villarreal II,Oviedo,1 - 1,X,8166129,611802,no_auditado
2023-12-21,2023-12-21T20:30:00+00:00,laliga,Alavés,Real Madrid,0 - 1,2,462026,461175,no_auditado
2023-12-21,2023-12-21T20:30:00+00:00,laliga,Mallorca,Osasuna,3 - 2,1,679882,619461,no_auditado
2023-12-21,2023-12-21T20:30:00+00:00,segunda,Amorebieta,Alcorcón,1 - 2,2,7983164,605845,no_auditado
2023-12-21,2023-12-21T20:30:00+00:00,segunda,Valladolid,Racing Ferrol,0 - 1,2,613504,8007843,no_auditado
2023-12-23,2023-12-23T15:15:00+00:00,laliga,Atlético Madrid,Sevilla FC,1 - 0,1,451814,456920,no_auditado
2024-01-02,2024-01-02T16:00:00+00:00,laliga,Getafe,Rayo Vallecano,0 - 2,2,465430,620312,no_auditado
2024-01-02,2024-01-02T18:15:00+00:00,laliga,Real Sociedad,Alavés,1 - 1,X,467132,462026,no_auditado
2024-01-02,2024-01-02T20:30:00+00:00,laliga,Valencia,Villarreal,3 - 1,1,453516,454367,no_auditado
2024-01-03,2024-01-03T16:00:00+00:00,laliga,Granada CF,Cadiz,2 - 0,1,609249,616908,no_auditado
2024-01-03,2024-01-03T18:15:00+00:00,laliga,Celta de Vigo,Real Betis,2 - 1,1,458622,462877,no_auditado
2024-01-03,2024-01-03T18:15:00+00:00,laliga,Real Madrid,Mallorca,1 - 0,1,461175,679882,no_auditado
2024-01-03,2024-01-03T20:30:00+00:00,laliga,Girona,Atlético Madrid,4 - 3,1,466281,451814,no_auditado
2024-01-04,2024-01-04T16:00:00+00:00,laliga,Osasuna,Almería,1 - 0,1,619461,616057,no_auditado
2024-01-04,2024-01-04T18:15:00+00:00,laliga,Sevilla FC,Ath Bilbao,0 - 2,2,456920,452665,no_auditado
2024-01-04,2024-01-04T20:30:00+00:00,laliga,Las Palmas,Barcelona,1 - 2,2,455218,450963,no_auditado
2024-01-12,2024-01-12T19:30:00+00:00,segunda,Eibar,Racing Santander,2 - 0,1,464579,3970699,no_auditado
2024-01-12,2024-01-12T20:00:00+00:00,laliga,Sevilla FC,Alavés,2 - 3,2,456920,462026,no_auditado
2024-01-13,2024-01-13T13:00:00+00:00,laliga,Las Palmas,Villarreal,3 - 0,1,455218,454367,no_auditado
2024-01-13,2024-01-13T13:00:00+00:00,segunda,Alcorcón,Mirandes,0 - 0,X,605845,680733,no_auditado
2024-01-13,2024-01-13T15:15:00+00:00,laliga,Mallorca,Celta de Vigo,1 - 1,X,679882,458622,no_auditado
2024-01-13,2024-01-13T15:15:00+00:00,segunda,Levante,Albacete,3 - 2,1,459473,615206,no_auditado
2024-01-13,2024-01-13T17:30:00+00:00,laliga,Ath Bilbao,Real Sociedad,2 - 1,1,452665,467132,no_auditado
2024-01-13,2024-01-13T17:30:00+00:00,segunda,Oviedo,Amorebieta,1 - 1,X,611802,7983164,no_auditado
2024-01-13,2024-01-13T17:30:00+00:00,segunda,Tenerife,Elche,0 - 1,2,612653,679031,no_auditado
2024-01-13,2024-01-13T20:00:00+00:00,laliga,Real Betis,Granada CF,1 - 0,1,462877,609249,no_auditado
2024-01-13,2024-01-13T20:00:00+00:00,segunda,Burgos,Valladolid,1 - 0,1,8153364,613504,no_auditado
2024-01-13,2024-01-13T20:00:00+00:00,segunda,Racing Ferrol,Espanol,0 - 0,X,8007843,460324,no_auditado
2024-01-14,2024-01-14T13:00:00+00:00,laliga,Almería,Girona,0 - 0,X,616057,466281,no_auditado
2024-01-14,2024-01-14T13:00:00+00:00,segunda,FC Andorra,Leganes,2 - 3,2,6942391,457771,no_auditado
2024-01-14,2024-01-14T15:15:00+00:00,laliga,Cadiz,Valencia,1 - 4,2,616908,453516,no_auditado
2024-01-14,2024-01-14T15:15:00+00:00,segunda,FC Cartagena,Villarreal II,4 - 1,1,4478746,8166129,no_auditado
2024-01-14,2024-01-14T15:15:00+00:00,segunda,Sporting Gijón,Huesca,0 - 0,X,622865,618610,no_auditado
2024-01-15,2024-01-15T19:30:00+00:00,segunda,Eldense,Zaragoza,1 - 1,X,8248676,623716,no_auditado
2024-01-19,2024-01-19T20:00:00+00:00,laliga,Alavés,Cadiz,1 - 0,1,462026,616908,no_auditado
2024-01-20,2024-01-20T13:00:00+00:00,laliga,Rayo Vallecano,Las Palmas,0 - 2,2,620312,455218,no_auditado
2024-01-20,2024-01-20T13:00:00+00:00,segunda,Albacete,Alcorcón,0 - 1,2,615206,605845,no_auditado
2024-01-20,2024-01-20T15:15:00+00:00,laliga,Villarreal,Mallorca,1 - 1,X,454367,679882,no_auditado
2024-01-20,2024-01-20T15:15:00+00:00,segunda,Amorebieta,Eldense,0 - 2,2,7983164,8248676,no_auditado
2024-01-20,2024-01-20T17:30:00+00:00,laliga,Valencia,Ath Bilbao,1 - 0,1,453516,452665,no_auditado
2024-01-20,2024-01-20T17:30:00+00:00,segunda,Espanol,Villarreal II,2 - 1,1,460324,8166129,no_auditado
2024-01-20,2024-01-20T17:30:00+00:00,segunda,Tenerife,Sporting Gijón,1 - 2,2,612653,622865,no_auditado
2024-01-20,2024-01-20T19:30:00+00:00,segunda,Zaragoza,FC Andorra,2 - 0,1,623716,6942391,no_auditado
2024-01-20,2024-01-20T20:00:00+00:00,laliga,Celta de Vigo,Real Sociedad,0 - 1,2,458622,467132,no_auditado
2024-01-20,2024-01-20T20:00:00+00:00,segunda,Racing Ferrol,Oviedo,1 - 3,2,8007843,611802,no_auditado
2024-01-21,2024-01-21T13:00:00+00:00,laliga,Osasuna,Getafe,3 - 2,1,619461,465430,no_auditado
2024-01-21,2024-01-21T13:00:00+00:00,segunda,Racing Santander,FC Cartagena,0 - 2,2,3970699,4478746,no_auditado
2024-01-21,2024-01-21T15:15:00+00:00,laliga,Real Madrid,Almería,3 - 2,1,461175,616057,no_auditado
2024-01-21,2024-01-21T15:15:00+00:00,segunda,Mirandes,Levante,1 - 1,X,680733,459473,no_auditado
2024-01-21,2024-01-21T17:30:00+00:00,laliga,Real Betis,Barcelona,2 - 4,2,462877,450963,no_auditado
2024-01-21,2024-01-21T17:30:00+00:00,segunda,Huesca,Eibar,2 - 3,2,618610,464579,no_auditado
2024-01-21,2024-01-21T20:00:00+00:00,laliga,Girona,Sevilla FC,5 - 1,1,466281,456920,no_auditado
2024-01-21,2024-01-21T20:00:00+00:00,segunda,Elche,Valladolid,0 - 0,X,679031,613504,no_auditado
2024-01-22,2024-01-22T19:30:00+00:00,segunda,Leganes,Burgos,2 - 0,1,457771,8153364,no_auditado
2024-01-22,2024-01-22T20:00:00+00:00,laliga,Granada CF,Atlético Madrid,0 - 1,2,609249,451814,no_auditado
2024-01-26,2024-01-26T19:30:00+00:00,segunda,Eibar,Mirandes,1 - 0,1,464579,680733,no_auditado
2024-01-26,2024-01-26T20:00:00+00:00,laliga,Almería,Alavés,0 - 3,2,616057,462026,no_auditado
2024-01-27,2024-01-27T13:00:00+00:00,laliga,Real Sociedad,Rayo Vallecano,0 - 0,X,467132,620312,no_auditado
2024-01-27,2024-01-27T15:15:00+00:00,laliga,Las Palmas,Real Madrid,1 - 2,2,455218,461175,no_auditado
2024-01-27,2024-01-27T15:15:00+00:00,segunda,Alcorcón,Zaragoza,0 - 0,X,605845,623716,no_auditado
2024-01-27,2024-01-27T15:15:00+00:00,segunda,FC Cartagena,Amorebieta,1 - 0,1,4478746,7983164,no_auditado
2024-01-27,2024-01-27T17:30:00+00:00,laliga,Barcelona,Villarreal,3 - 5,2,450963,454367,no_auditado
2024-01-27,2024-01-27T17:30:00+00:00,segunda,Oviedo,Leganes,1 - 0,1,611802,457771,no_auditado
2024-01-27,2024-01-27T20:00:00+00:00,laliga,Mallorca,Real Betis,0 - 1,2,679882,462877,no_auditado
2024-01-27,2024-01-27T20:00:00+00:00,segunda,Levante,Tenerife,0 - 0,X,459473,612653,no_auditado
2024-01-28,2024-01-28T13:00:00+00:00,laliga,Celta de Vigo,Girona,0 - 1,2,458622,466281,no_auditado
2024-01-28,2024-01-28T13:00:00+00:00,segunda,Eldense,Espanol,3 - 2,1,8248676,460324,no_auditado
2024-01-28,2024-01-28T15:15:00+00:00,laliga,Cadiz,Ath Bilbao,0 - 0,X,616908,452665,no_auditado
2024-01-28,2024-01-28T15:15:00+00:00,segunda,FC Andorra,Elche,0 - 1,2,6942391,679031,no_auditado
2024-01-28,2024-01-28T15:15:00+00:00,segunda,Villarreal II,Huesca,1 - 1,X,8166129,618610,no_auditado
2024-01-28,2024-01-28T17:30:00+00:00,laliga,Sevilla FC,Osasuna,1 - 1,X,456920,619461,no_auditado
2024-01-28,2024-01-28T17:30:00+00:00,segunda,Burgos,Albacete,2 - 1,1,8153364,615206,no_auditado
2024-01-28,2024-01-28T20:00:00+00:00,laliga,Atlético Madrid,Valencia,2 - 0,1,451814,453516,no_auditado
2024-01-28,2024-01-28T20:00:00+00:00,segunda,Sporting Gijón,Racing Ferrol,1 - 2,2,622865,8007843,no_auditado
2024-01-29,2024-01-29T19:30:00+00:00,segunda,Valladolid,Racing Santander,3 - 1,1,613504,3970699,no_auditado
2024-01-29,2024-01-29T20:00:00+00:00,laliga,Getafe,Granada CF,2 - 0,1,465430,609249,no_auditado
2024-01-31,2024-01-31T18:00:00+00:00,laliga,Barcelona,Osasuna,1 - 0,1,450963,619461,no_auditado
2024-01-31,2024-01-31T20:00:00+00:00,laliga,Atlético Madrid,Rayo Vallecano,2 - 1,1,451814,620312,no_auditado
2024-02-01,2024-02-01T20:00:00+00:00,laliga,Getafe,Real Madrid,0 - 2,2,465430,461175,no_auditado
2024-02-02,2024-02-02T19:30:00+00:00,segunda,Elche,Burgos,2 - 0,1,679031,8153364,no_auditado
2024-02-02,2024-02-02T20:00:00+00:00,laliga,Ath Bilbao,Mallorca,4 - 0,1,452665,679882,no_auditado
2024-02-03,2024-02-03T13:00:00+00:00,laliga,Valencia,Almería,2 - 1,1,453516,616057,no_auditado
2024-02-03,2024-02-03T13:00:00+00:00,segunda,Albacete,FC Cartagena,1 - 1,X,615206,4478746,no_auditado
2024-02-03,2024-02-03T15:15:00+00:00,laliga,Granada CF,Las Palmas,1 - 1,X,609249,455218,no_auditado
2024-02-03,2024-02-03T15:15:00+00:00,segunda,Huesca,Alcorcón,1 - 0,1,618610,605845,no_auditado
2024-02-03,2024-02-03T15:15:00+00:00,segunda,Mirandes,Villarreal II,3 - 0,1,680733,8166129,no_auditado
2024-02-03,2024-02-03T17:30:00+00:00,laliga,Alavés,Barcelona,1 - 3,2,462026,450963,no_auditado
2024-02-03,2024-02-03T17:30:00+00:00,segunda,Leganes,Valladolid,0 - 0,X,457771,613504,no_auditado
2024-02-03,2024-02-03T20:00:00+00:00,laliga,Girona,Real Sociedad,0 - 0,X,466281,467132,no_auditado
2024-02-03,2024-02-03T20:00:00+00:00,segunda,Tenerife,FC Andorra,0 - 0,X,612653,6942391,no_auditado
2024-02-04,2024-02-04T13:00:00+00:00,laliga,Villarreal,Cadiz,0 - 0,X,454367,616908,no_auditado
2024-02-04,2024-02-04T13:00:00+00:00,segunda,Racing Ferrol,Eibar,1 - 1,X,8007843,464579,no_auditado
2024-02-04,2024-02-04T15:15:00+00:00,laliga,Osasuna,Celta de Vigo,0 - 3,2,619461,458622,no_auditado
2024-02-04,2024-02-04T15:15:00+00:00,segunda,Amorebieta,Racing Santander,0 - 1,2,7983164,3970699,no_auditado
2024-02-04,2024-02-04T15:15:00+00:00,segunda,Oviedo,Eldense,1 - 1,X,611802,8248676,no_auditado
2024-02-04,2024-02-04T17:30:00+00:00,laliga,Real Betis,Getafe,1 - 1,X,462877,465430,no_auditado
2024-02-04,2024-02-04T17:30:00+00:00,segunda,Espanol,Levante,2 - 1,1,460324,459473,no_auditado
2024-02-04,2024-02-04T20:00:00+00:00,laliga,Real Madrid,Atlético Madrid,1 - 1,X,461175,451814,no_auditado
2024-02-05,2024-02-05T19:30:00+00:00,segunda,Zaragoza,Sporting Gijón,3 - 0,1,623716,622865,no_auditado
2024-02-05,2024-02-05T20:00:00+00:00,laliga,Rayo Vallecano,Sevilla FC,1 - 2,2,620312,456920,no_auditado
2024-02-09,2024-02-09T19:30:00+00:00,segunda,Levante,Leganes,0 - 0,X,459473,457771,no_auditado
2024-02-09,2024-02-09T20:00:00+00:00,laliga,Cadiz,Real Betis,0 - 2,2,616908,462877,no_auditado
2024-02-10,2024-02-10T13:00:00+00:00,laliga,Alavés,Villarreal,1 - 1,X,462026,454367,no_auditado
2024-02-10,2024-02-10T15:15:00+00:00,laliga,Real Sociedad,Osasuna,0 - 1,2,467132,619461,no_auditado
2024-02-10,2024-02-10T15:15:00+00:00,segunda,Amorebieta,Elche,1 - 0,1,7983164,679031,no_auditado
2024-02-10,2024-02-10T15:15:00+00:00,segunda,Eldense,Huesca,0 - 0,X,8248676,618610,no_auditado
2024-02-10,2024-02-10T17:30:00+00:00,laliga,Real Madrid,Girona,4 - 0,1,461175,466281,no_auditado
2024-02-10,2024-02-10T17:30:00+00:00,segunda,Sporting Gijón,Oviedo,1 - 0,1,622865,611802,no_auditado
2024-02-10,2024-02-10T20:00:00+00:00,laliga,Las Palmas,Valencia,2 - 0,1,455218,453516,no_auditado
2024-02-10,2024-02-10T20:00:00+00:00,segunda,Racing Santander,Espanol,2 - 0,1,3970699,460324,no_auditado
2024-02-11,2024-02-11T13:00:00+00:00,laliga,Getafe,Celta de Vigo,3 - 2,1,465430,458622,no_auditado
2024-02-11,2024-02-11T13:00:00+00:00,segunda,Villarreal II,Tenerife,1 - 0,1,8166129,612653,no_auditado
2024-02-11,2024-02-11T15:15:00+00:00,laliga,Mallorca,Rayo Vallecano,2 - 1,1,679882,620312,no_auditado
2024-02-11,2024-02-11T15:15:00+00:00,segunda,Alcorcón,FC Andorra,1 - 0,1,605845,6942391,no_auditado
2024-02-11,2024-02-11T15:15:00+00:00,segunda,FC Cartagena,Mirandes,1 - 0,1,4478746,680733,no_auditado
2024-02-11,2024-02-11T17:30:00+00:00,laliga,Sevilla FC,Atlético Madrid,1 - 0,1,456920,451814,no_auditado
2024-02-11,2024-02-11T17:30:00+00:00,segunda,Eibar,Zaragoza,1 - 0,1,464579,623716,no_auditado
2024-02-11,2024-02-11T20:00:00+00:00,laliga,Barcelona,Granada CF,3 - 3,X,450963,609249,no_auditado
2024-02-11,2024-02-11T20:00:00+00:00,segunda,Burgos,Racing Ferrol,2 - 0,1,8153364,8007843,no_auditado
2024-02-12,2024-02-12T19:30:00+00:00,segunda,Valladolid,Albacete,0 - 0,X,613504,615206,no_auditado
2024-02-12,2024-02-12T20:00:00+00:00,laliga,Almería,Ath Bilbao,0 - 0,X,616057,452665,no_auditado
2024-02-16,2024-02-16T19:30:00+00:00,segunda,Zaragoza,FC Cartagena,1 - 2,2,623716,4478746,no_auditado
2024-02-16,2024-02-16T20:00:00+00:00,laliga,Villarreal,Getafe,1 - 1,X,454367,465430,no_auditado
2024-02-17,2024-02-17T13:00:00+00:00,laliga,Atlético Madrid,Las Palmas,5 - 0,1,451814,455218,no_auditado
2024-02-17,2024-02-17T15:15:00+00:00,laliga,Osasuna,Cadiz,2 - 0,1,619461,616908,no_auditado
2024-02-17,2024-02-17T15:15:00+00:00,segunda,FC Andorra,Villarreal II,1 - 1,X,6942391,8166129,no_auditado
2024-02-17,2024-02-17T15:15:00+00:00,segunda,Oviedo,Burgos,5 - 0,1,611802,8153364,no_auditado
2024-02-17,2024-02-17T17:30:00+00:00,laliga,Celta de Vigo,Barcelona,1 - 2,2,458622,450963,no_auditado
2024-02-17,2024-02-17T17:30:00+00:00,segunda,Sporting Gijón,Valladolid,1 - 1,X,622865,613504,no_auditado
2024-02-17,2024-02-17T20:00:00+00:00,laliga,Valencia,Sevilla FC,0 - 0,X,453516,456920,no_auditado
2024-02-17,2024-02-17T20:00:00+00:00,segunda,Espanol,Mirandes,3 - 0,1,460324,680733,no_auditado
2024-02-18,2024-02-18T13:00:00+00:00,laliga,Rayo Vallecano,Real Madrid,1 - 1,X,620312,461175,no_auditado
2024-02-18,2024-02-18T13:00:00+00:00,segunda,Albacete,Racing Santander,2 - 0,1,615206,3970699,no_auditado
2024-02-18,2024-02-18T15:15:00+00:00,laliga,Granada CF,Almería,1 - 1,X,609249,616057,no_auditado
2024-02-18,2024-02-18T15:15:00+00:00,segunda,Leganes,Alcorcón,3 - 0,1,457771,605845,no_auditado
2024-02-18,2024-02-18T15:15:00+00:00,segunda,Racing Ferrol,Levante,0 - 0,X,8007843,459473,no_auditado
2024-02-18,2024-02-18T17:30:00+00:00,laliga,Mallorca,Real Sociedad,1 - 2,2,679882,467132,no_auditado
2024-02-18,2024-02-18T17:30:00+00:00,segunda,Huesca,Amorebieta,0 - 0,X,618610,7983164,no_auditado
2024-02-18,2024-02-18T20:00:00+00:00,laliga,Real Betis,Alavés,0 - 0,X,462877,462026,no_auditado
2024-02-18,2024-02-18T20:00:00+00:00,segunda,Elche,Eibar,0 - 0,X,679031,464579,no_auditado
2024-02-19,2024-02-19T19:30:00+00:00,segunda,Tenerife,Eldense,1 - 0,1,612653,8248676,no_auditado
2024-02-19,2024-02-19T20:00:00+00:00,laliga,Ath Bilbao,Girona,3 - 2,1,452665,466281,no_auditado
2024-02-23,2024-02-23T19:30:00+00:00,segunda,Valladolid,Oviedo,3 - 0,1,613504,611802,no_auditado
2024-02-23,2024-02-23T20:00:00+00:00,laliga,Real Sociedad,Villarreal,1 - 3,2,467132,454367,no_auditado
2024-02-24,2024-02-24T15:15:00+00:00,laliga,Barcelona,Getafe,4 - 0,1,450963,465430,no_auditado
2024-02-24,2024-02-24T15:15:00+00:00,segunda,Racing Santander,Leganes,2 - 1,1,3970699,457771,no_auditado
2024-02-24,2024-02-24T17:30:00+00:00,laliga,Alavés,Mallorca,1 - 1,X,462026,679882,no_auditado
2024-02-24,2024-02-24T17:30:00+00:00,segunda,Eibar,Espanol,2 - 3,2,464579,460324,no_auditado
2024-02-24,2024-02-24T17:30:00+00:00,segunda,Villarreal II,Zaragoza,0 - 0,X,8166129,623716,no_auditado
2024-02-24,2024-02-24T20:00:00+00:00,laliga,Almería,Atlético Madrid,2 - 2,X,616057,451814,no_auditado
2024-02-25,2024-02-25T13:00:00+00:00,laliga,Cadiz,Celta de Vigo,2 - 2,X,616908,458622,no_auditado
2024-02-25,2024-02-25T13:00:00+00:00,segunda,Eldense,Racing Ferrol,2 - 0,1,8248676,8007843,no_auditado
2024-02-25,2024-02-25T15:15:00+00:00,laliga,Real Betis,Ath Bilbao,3 - 1,1,462877,452665,no_auditado
2024-02-25,2024-02-25T15:15:00+00:00,segunda,Alcorcón,Tenerife,1 - 1,X,605845,612653,no_auditado
2024-02-25,2024-02-25T15:15:00+00:00,segunda,Burgos,Sporting Gijón,1 - 0,1,8153364,622865,no_auditado
2024-02-25,2024-02-25T17:30:00+00:00,laliga,Las Palmas,Osasuna,1 - 1,X,455218,619461,no_auditado
2024-02-25,2024-02-25T17:30:00+00:00,segunda,FC Cartagena,Elche,0 - 1,2,4478746,679031,no_auditado
2024-02-25,2024-02-25T20:00:00+00:00,laliga,Real Madrid,Sevilla FC,1 - 0,1,461175,456920,no_auditado
2024-02-25,2024-02-25T20:00:00+00:00,segunda,Amorebieta,Albacete,1 - 1,X,7983164,615206,no_auditado
2024-02-26,2024-02-26T19:30:00+00:00,segunda,Mirandes,Huesca,0 - 3,2,680733,618610,no_auditado
2024-02-26,2024-02-26T20:00:00+00:00,laliga,Girona,Rayo Vallecano,3 - 0,1,466281,620312,no_auditado
2024-03-01,2024-03-01T19:30:00+00:00,segunda,Sporting Gijón,Albacete,2 - 1,1,622865,615206,no_auditado
2024-03-01,2024-03-01T20:00:00+00:00,laliga,Celta de Vigo,Almería,1 - 0,1,458622,616057,no_auditado
2024-03-02,2024-03-02T13:00:00+00:00,laliga,Sevilla FC,Real Sociedad,3 - 2,1,456920,467132,no_auditado
2024-03-02,2024-03-02T13:00:00+00:00,segunda,Eldense,Villarreal II,2 - 0,1,8248676,8166129,no_auditado
2024-03-02,2024-03-02T15:15:00+00:00,laliga,Rayo Vallecano,Cadiz,1 - 1,X,620312,616908,no_auditado
2024-03-02,2024-03-02T15:15:00+00:00,segunda,Espanol,Huesca,0 - 0,X,460324,618610,no_auditado
2024-03-02,2024-03-02T15:15:00+00:00,segunda,Racing Ferrol,Racing Santander,2 - 2,X,8007843,3970699,no_auditado
2024-03-02,2024-03-02T17:30:00+00:00,laliga,Getafe,Las Palmas,3 - 3,X,465430,455218,no_auditado
2024-03-02,2024-03-02T17:30:00+00:00,segunda,Oviedo,Levante,3 - 2,1,611802,459473,no_auditado
2024-03-02,2024-03-02T20:00:00+00:00,laliga,Valencia,Real Madrid,2 - 2,X,453516,461175,no_auditado
2024-03-02,2024-03-02T20:00:00+00:00,segunda,Burgos,FC Cartagena,3 - 0,1,8153364,4478746,no_auditado
2024-03-03,2024-03-03T13:00:00+00:00,laliga,Villarreal,Granada CF,5 - 1,1,454367,609249,no_auditado
2024-03-03,2024-03-03T13:00:00+00:00,segunda,FC Andorra,Valladolid,2 - 1,1,6942391,613504,no_auditado
2024-03-03,2024-03-03T15:15:00+00:00,laliga,Atlético Madrid,Real Betis,2 - 1,1,451814,462877,no_auditado
2024-03-03,2024-03-03T15:15:00+00:00,segunda,Tenerife,Mirandes,2 - 1,1,612653,680733,no_auditado
2024-03-03,2024-03-03T17:30:00+00:00,laliga,Mallorca,Girona,1 - 0,1,679882,466281,no_auditado
2024-03-03,2024-03-03T17:30:00+00:00,segunda,Zaragoza,Amorebieta,0 - 1,2,623716,7983164,no_auditado
2024-03-03,2024-03-03T20:00:00+00:00,laliga,Ath Bilbao,Barcelona,0 - 0,X,452665,450963,no_auditado
2024-03-03,2024-03-03T20:00:00+00:00,segunda,Leganes,Eibar,0 - 2,2,457771,464579,no_auditado
2024-03-04,2024-03-04T19:30:00+00:00,segunda,Elche,Alcorcón,3 - 0,1,679031,605845,no_auditado
2024-03-04,2024-03-04T20:00:00+00:00,laliga,Osasuna,Alavés,1 - 0,1,619461,462026,no_auditado
2024-03-08,2024-03-08T19:30:00+00:00,segunda,Huesca,FC Andorra,2 - 0,1,618610,6942391,no_auditado
2024-03-08,2024-03-08T20:00:00+00:00,laliga,Barcelona,Mallorca,1 - 0,1,450963,679882,no_auditado
2024-03-09,2024-03-09T13:00:00+00:00,laliga,Valencia,Getafe,1 - 0,1,453516,465430,no_auditado
2024-03-09,2024-03-09T15:15:00+00:00,laliga,Cadiz,Atlético Madrid,2 - 0,1,616908,451814,no_auditado
2024-03-09,2024-03-09T15:15:00+00:00,segunda,Albacete,Oviedo,1 - 2,2,615206,611802,no_auditado
2024-03-09,2024-03-09T17:30:00+00:00,laliga,Granada CF,Real Sociedad,2 - 3,2,609249,467132,no_auditado
2024-03-09,2024-03-09T17:30:00+00:00,segunda,Mirandes,Eldense,3 - 1,1,680733,8248676,no_auditado
2024-03-09,2024-03-09T17:30:00+00:00,segunda,Valladolid,Zaragoza,2 - 0,1,613504,623716,no_auditado
2024-03-09,2024-03-09T20:00:00+00:00,laliga,Girona,Osasuna,2 - 0,1,466281,619461,no_auditado
2024-03-09,2024-03-09T20:00:00+00:00,segunda,FC Cartagena,Racing Ferrol,2 - 1,1,4478746,8007843,no_auditado
2024-03-10,2024-03-10T13:00:00+00:00,laliga,Alavés,Rayo Vallecano,1 - 0,1,462026,620312,no_auditado
2024-03-10,2024-03-10T13:00:00+00:00,segunda,Racing Santander,Tenerife,4 - 2,1,3970699,612653,no_auditado
2024-03-10,2024-03-10T15:15:00+00:00,laliga,Las Palmas,Ath Bilbao,0 - 2,2,455218,452665,no_auditado
2024-03-10,2024-03-10T15:15:00+00:00,segunda,Levante,Sporting Gijón,1 - 0,1,459473,622865,no_auditado
2024-03-10,2024-03-10T15:15:00+00:00,segunda,Villarreal II,Elche,0 - 1,2,8166129,679031,no_auditado
2024-03-10,2024-03-10T17:30:00+00:00,laliga,Real Madrid,Celta de Vigo,4 - 0,1,461175,458622,no_auditado
2024-03-10,2024-03-10T17:30:00+00:00,segunda,Eibar,Burgos,0 - 1,2,464579,8153364,no_auditado
2024-03-10,2024-03-10T20:00:00+00:00,laliga,Real Betis,Villarreal,2 - 3,2,462877,454367,no_auditado
2024-03-10,2024-03-10T20:00:00+00:00,segunda,Alcorcón,Espanol,1 - 1,X,605845,460324,no_auditado
2024-03-11,2024-03-11T19:30:00+00:00,segunda,Amorebieta,Leganes,0 - 1,2,7983164,457771,no_auditado
2024-03-11,2024-03-11T20:00:00+00:00,laliga,Almería,Sevilla FC,2 - 2,X,616057,456920,no_auditado
2024-03-13,2024-03-13T18:00:00+00:00,segunda,Levante,FC Andorra,0 - 0,X,459473,6942391,no_auditado
2024-03-15,2024-03-15T19:30:00+00:00,segunda,Eldense,FC Cartagena,0 - 0,X,8248676,4478746,no_auditado
2024-03-15,2024-03-15T20:00:00+00:00,laliga,Real Sociedad,Cadiz,2 - 0,1,467132,616908,no_auditado
2024-03-16,2024-03-16T13:00:00+00:00,laliga,Mallorca,Granada CF,1 - 0,1,679882,609249,no_auditado
2024-03-16,2024-03-16T13:00:00+00:00,segunda,Burgos,Levante,1 - 1,X,8153364,459473,no_auditado
2024-03-16,2024-03-16T15:15:00+00:00,laliga,Osasuna,Real Madrid,2 - 4,2,619461,461175,no_auditado
2024-03-16,2024-03-16T15:15:00+00:00,segunda,Eibar,Villarreal II,2 - 0,1,464579,8166129,no_auditado
2024-03-16,2024-03-16T17:30:00+00:00,laliga,Getafe,Girona,1 - 0,1,465430,466281,no_auditado
2024-03-16,2024-03-16T17:30:00+00:00,segunda,Oviedo,Racing Santander,1 - 1,X,611802,3970699,no_auditado
2024-03-16,2024-03-16T17:30:00+00:00,segunda,Tenerife,Huesca,0 - 0,X,612653,618610,no_auditado
2024-03-16,2024-03-16T20:00:00+00:00,laliga,Ath Bilbao,Alavés,2 - 0,1,452665,462026,no_auditado
2024-03-16,2024-03-16T20:00:00+00:00,segunda,Sporting Gijón,Alcorcón,1 - 0,1,622865,605845,no_auditado
2024-03-17,2024-03-17T13:00:00+00:00,laliga,Sevilla FC,Celta de Vigo,1 - 2,2,456920,458622,no_auditado
2024-03-17,2024-03-17T13:00:00+00:00,segunda,Leganes,Mirandes,4 - 0,1,457771,680733,no_auditado
2024-03-17,2024-03-17T15:15:00+00:00,laliga,Las Palmas,Almería,0 - 1,2,455218,616057,no_auditado
2024-03-17,2024-03-17T15:15:00+00:00,laliga,Villarreal,Valencia,1 - 0,1,454367,453516,no_auditado
2024-03-17,2024-03-17T15:15:00+00:00,segunda,Racing Ferrol,Valladolid,2 - 0,1,8007843,613504,no_auditado
2024-03-17,2024-03-17T17:30:00+00:00,laliga,Rayo Vallecano,Real Betis,2 - 0,1,620312,462877,no_auditado
2024-03-17,2024-03-17T17:30:00+00:00,segunda,Elche,Albacete,3 - 2,1,679031,615206,no_auditado
2024-03-17,2024-03-17T17:30:00+00:00,segunda,Zaragoza,Espanol,0 - 1,2,623716,460324,no_auditado
2024-03-17,2024-03-17T20:00:00+00:00,laliga,Atlético Madrid,Barcelona,0 - 3,2,451814,450963,no_auditado
2024-03-18,2024-03-18T19:30:00+00:00,segunda,FC Andorra,Amorebieta,0 - 1,2,6942391,7983164,no_auditado
2024-03-23,2024-03-23T15:15:00+00:00,segunda,Alcorcón,Oviedo,1 - 0,1,605845,611802,no_auditado
2024-03-23,2024-03-23T17:30:00+00:00,segunda,FC Cartagena,FC Andorra,1 - 0,1,4478746,6942391,no_auditado
2024-03-23,2024-03-23T17:30:00+00:00,segunda,Villarreal II,Leganes,1 - 2,2,8166129,457771,no_auditado
2024-03-23,2024-03-23T20:00:00+00:00,segunda,Espanol,Tenerife,1 - 1,X,460324,612653,no_auditado
2024-03-24,2024-03-24T13:00:00+00:00,segunda,Amorebieta,Sporting Gijón,3 - 1,1,7983164,622865,no_auditado
2024-03-24,2024-03-24T15:15:00+00:00,segunda,Huesca,Burgos,3 - 0,1,618610,8153364,no_auditado
2024-03-24,2024-03-24T15:15:00+00:00,segunda,Valladolid,Eibar,3 - 1,1,613504,464579,no_auditado
2024-03-24,2024-03-24T17:30:00+00:00,segunda,Levante,Elche,3 - 2,1,459473,679031,no_auditado
2024-03-24,2024-03-24T17:30:00+00:00,segunda,Mirandes,Zaragoza,0 - 0,X,680733,623716,no_auditado
2024-03-24,2024-03-24T20:00:00+00:00,segunda,Racing Santander,Eldense,2 - 1,1,3970699,8248676,no_auditado
2024-03-25,2024-03-25T19:30:00+00:00,segunda,Albacete,Racing Ferrol,1 - 1,X,615206,8007843,no_auditado
2024-03-29,2024-03-29T19:30:00+00:00,segunda,Burgos,Espanol,0 - 0,X,8153364,460324,no_auditado
2024-03-29,2024-03-29T20:00:00+00:00,laliga,Cadiz,Granada CF,1 - 0,1,616908,609249,no_auditado
2024-03-30,2024-03-30T13:00:00+00:00,laliga,Getafe,Sevilla FC,0 - 1,2,465430,456920,no_auditado
2024-03-30,2024-03-30T13:00:00+00:00,segunda,Valladolid,Levante,0 - 0,X,613504,459473,no_auditado
2024-03-30,2024-03-30T15:15:00+00:00,laliga,Almería,Osasuna,0 - 3,2,616057,619461,no_auditado
2024-03-30,2024-03-30T15:15:00+00:00,segunda,Eibar,Eldense,5 - 1,1,464579,8248676,no_auditado
2024-03-30,2024-03-30T15:15:00+00:00,segunda,FC Andorra,Mirandes,1 - 0,1,6942391,680733,no_auditado
2024-03-30,2024-03-30T15:15:00+00:00,segunda,Leganes,FC Cartagena,0 - 0,X,457771,4478746,no_auditado
2024-03-30,2024-03-30T17:30:00+00:00,laliga,Valencia,Mallorca,0 - 0,X,453516,679882,no_auditado
2024-03-30,2024-03-30T17:30:00+00:00,segunda,Albacete,Huesca,1 - 1,X,615206,618610,no_auditado
2024-03-30,2024-03-30T17:30:00+00:00,segunda,Sporting Gijón,Racing Santander,2 - 3,2,622865,3970699,no_auditado
2024-03-30,2024-03-30T20:00:00+00:00,laliga,Barcelona,Las Palmas,1 - 0,1,450963,455218,no_auditado
2024-03-31,2024-03-31T12:00:00+00:00,laliga,Celta de Vigo,Rayo Vallecano,0 - 0,X,458622,620312,no_auditado
2024-03-31,2024-03-31T12:00:00+00:00,segunda,Alcorcón,Amorebieta,1 - 1,X,605845,7983164,no_auditado
2024-03-31,2024-03-31T14:15:00+00:00,laliga,Girona,Real Betis,3 - 2,1,466281,462877,no_auditado
2024-03-31,2024-03-31T14:15:00+00:00,segunda,Racing Ferrol,Elche,1 - 0,1,8007843,679031,no_auditado
2024-03-31,2024-03-31T14:15:00+00:00,segunda,Zaragoza,Tenerife,3 - 1,1,623716,612653,no_auditado
2024-03-31,2024-03-31T16:30:00+00:00,laliga,Alavés,Real Sociedad,0 - 1,2,462026,467132,no_auditado
2024-03-31,2024-03-31T16:30:00+00:00,segunda,Oviedo,Villarreal II,2 - 1,1,611802,8166129,no_auditado
2024-03-31,2024-03-31T19:00:00+00:00,laliga,Real Madrid,Ath Bilbao,2 - 0,1,461175,452665,no_auditado
2024-04-01,2024-04-01T19:00:00+00:00,laliga,Villarreal,Atlético Madrid,1 - 2,2,454367,451814,no_auditado
2024-04-04,2024-04-04T18:00:00+00:00,laliga,Granada CF,Valencia,0 - 1,2,609249,453516,no_auditado
2024-04-05,2024-04-05T18:30:00+00:00,segunda,Amorebieta,Racing Ferrol,3 - 1,1,7983164,8007843,no_auditado
2024-04-05,2024-04-05T18:30:00+00:00,segunda,Elche,Oviedo,0 - 2,2,679031,611802,no_auditado
2024-04-06,2024-04-06T14:15:00+00:00,segunda,Eldense,FC Andorra,0 - 2,2,8248676,6942391,no_auditado
2024-04-06,2024-04-06T16:30:00+00:00,segunda,Levante,Zaragoza,2 - 1,1,459473,623716,no_auditado
2024-04-07,2024-04-07T12:00:00+00:00,segunda,Huesca,Leganes,0 - 0,X,618610,457771,no_auditado
2024-04-07,2024-04-07T14:15:00+00:00,segunda,Mirandes,Sporting Gijón,1 - 3,2,680733,622865,no_auditado
2024-04-07,2024-04-07T14:15:00+00:00,segunda,Villarreal II,Burgos,2 - 1,1,8166129,8153364,no_auditado
2024-04-07,2024-04-07T16:30:00+00:00,segunda,Espanol,Albacete,2 - 1,1,460324,615206,no_auditado
2024-04-07,2024-04-07T16:30:00+00:00,segunda,Tenerife,Eibar,2 - 1,1,612653,464579,no_auditado
2024-04-07,2024-04-07T19:00:00+00:00,segunda,FC Cartagena,Valladolid,0 - 2,2,4478746,613504,no_auditado
2024-04-08,2024-04-08T18:30:00+00:00,segunda,Racing Santander,Alcorcón,0 - 1,2,3970699,605845,no_auditado
2024-04-12,2024-04-12T18:30:00+00:00,segunda,Leganes,Espanol,0 - 0,X,457771,460324,no_auditado
2024-04-12,2024-04-12T19:00:00+00:00,laliga,Real Betis,Celta de Vigo,2 - 1,1,462877,458622,no_auditado
2024-04-13,2024-04-13T12:00:00+00:00,laliga,Atlético Madrid,Girona,3 - 1,1,451814,466281,no_auditado
2024-04-13,2024-04-13T14:15:00+00:00,laliga,Rayo Vallecano,Getafe,0 - 0,X,620312,465430,no_auditado
2024-04-13,2024-04-13T14:15:00+00:00,segunda,Sporting Gijón,FC Cartagena,1 - 0,1,622865,4478746,no_auditado
2024-04-13,2024-04-13T16:30:00+00:00,laliga,Mallorca,Real Madrid,0 - 1,2,679882,461175,no_auditado
2024-04-13,2024-04-13T16:30:00+00:00,segunda,Valladolid,Eldense,1 - 0,1,613504,8248676,no_auditado
2024-04-13,2024-04-13T19:00:00+00:00,laliga,Cadiz,Barcelona,0 - 1,2,616908,450963,no_auditado
2024-04-13,2024-04-13T19:00:00+00:00,segunda,Levante,Amorebieta,1 - 2,2,459473,7983164,no_auditado
2024-04-14,2024-04-14T12:00:00+00:00,laliga,Las Palmas,Sevilla FC,0 - 2,2,455218,456920,no_auditado
2024-04-14,2024-04-14T12:00:00+00:00,segunda,Oviedo,Mirandes,1 - 1,X,611802,680733,no_auditado
2024-04-14,2024-04-14T14:15:00+00:00,laliga,Granada CF,Alavés,2 - 0,1,609249,462026,no_auditado
2024-04-14,2024-04-14T14:15:00+00:00,segunda,Albacete,Tenerife,1 - 0,1,615206,612653,no_auditado
2024-04-14,2024-04-14T14:15:00+00:00,segunda,FC Andorra,Eibar,0 - 2,2,6942391,464579,no_auditado
2024-04-14,2024-04-14T16:30:00+00:00,laliga,Ath Bilbao,Villarreal,1 - 1,X,452665,454367,no_auditado
2024-04-14,2024-04-14T16:30:00+00:00,segunda,Burgos,Racing Santander,2 - 1,1,8153364,3970699,no_auditado
2024-04-14,2024-04-14T16:30:00+00:00,segunda,Zaragoza,Elche,1 - 1,X,623716,679031,no_auditado
2024-04-14,2024-04-14T19:00:00+00:00,laliga,Real Sociedad,Almería,2 - 2,X,467132,616057,no_auditado
2024-04-14,2024-04-14T19:00:00+00:00,segunda,Racing Ferrol,Huesca,2 - 1,1,8007843,618610,no_auditado
2024-04-15,2024-04-15T18:30:00+00:00,segunda,Alcorcón,Villarreal II,1 - 0,1,605845,8166129,no_auditado
2024-04-15,2024-04-15T19:00:00+00:00,laliga,Osasuna,Valencia,0 - 1,2,619461,453516,no_auditado
2024-04-19,2024-04-19T18:30:00+00:00,segunda,Tenerife,Leganes,0 - 0,X,612653,457771,no_auditado
2024-04-19,2024-04-19T19:00:00+00:00,laliga,Ath Bilbao,Granada CF,1 - 1,X,452665,609249,no_auditado
2024-04-20,2024-04-20T12:00:00+00:00,laliga,Celta de Vigo,Las Palmas,4 - 1,1,458622,455218,no_auditado
2024-04-20,2024-04-20T12:00:00+00:00,segunda,Amorebieta,Valladolid,0 - 3,2,7983164,613504,no_auditado
2024-04-20,2024-04-20T14:15:00+00:00,laliga,Rayo Vallecano,Osasuna,2 - 1,1,620312,619461,no_auditado
2024-04-20,2024-04-20T14:15:00+00:00,segunda,Racing Santander,Levante,0 - 0,X,3970699,459473,no_auditado
2024-04-20,2024-04-20T14:15:00+00:00,segunda,Villarreal II,Racing Ferrol,1 - 0,1,8166129,8007843,no_auditado
2024-04-20,2024-04-20T16:30:00+00:00,laliga,Valencia,Real Betis,1 - 2,2,453516,462877,no_auditado
2024-04-20,2024-04-20T16:30:00+00:00,segunda,Elche,Sporting Gijón,2 - 1,1,679031,622865,no_auditado
2024-04-20,2024-04-20T19:00:00+00:00,laliga,Girona,Cadiz,4 - 1,1,466281,616908,no_auditado
2024-04-20,2024-04-20T19:00:00+00:00,segunda,Huesca,Zaragoza,1 - 2,2,618610,623716,no_auditado
2024-04-21,2024-04-21T12:00:00+00:00,laliga,Getafe,Real Sociedad,1 - 1,X,465430,467132,no_auditado
2024-04-21,2024-04-21T12:00:00+00:00,segunda,Espanol,FC Andorra,1 - 1,X,460324,6942391,no_auditado
2024-04-21,2024-04-21T14:15:00+00:00,laliga,Almería,Villarreal,1 - 2,2,616057,454367,no_auditado
2024-04-21,2024-04-21T14:15:00+00:00,segunda,Eibar,Alcorcón,2 - 0,1,464579,605845,no_auditado
2024-04-21,2024-04-21T14:15:00+00:00,segunda,Eldense,Albacete,0 - 1,2,8248676,615206,no_auditado
2024-04-21,2024-04-21T16:30:00+00:00,laliga,Alavés,Atlético Madrid,2 - 0,1,462026,451814,no_auditado
2024-04-21,2024-04-21T16:30:00+00:00,segunda,Mirandes,Burgos,2 - 1,1,680733,8153364,no_auditado
2024-04-21,2024-04-21T19:00:00+00:00,laliga,Real Madrid,Barcelona,3 - 2,1,461175,450963,no_auditado
2024-04-22,2024-04-22T18:30:00+00:00,segunda,FC Cartagena,Oviedo,2 - 0,1,4478746,611802,no_auditado
2024-04-22,2024-04-22T19:00:00+00:00,laliga,Sevilla FC,Mallorca,2 - 1,1,456920,679882,no_auditado
2024-04-26,2024-04-26T18:30:00+00:00,segunda,FC Andorra,Racing Santander,1 - 1,X,6942391,3970699,no_auditado
2024-04-26,2024-04-26T19:00:00+00:00,laliga,Real Sociedad,Real Madrid,0 - 1,2,467132,461175,no_auditado
2024-04-27,2024-04-27T12:00:00+00:00,laliga,Las Palmas,Girona,0 - 2,2,455218,466281,no_auditado
2024-04-27,2024-04-27T14:15:00+00:00,laliga,Almería,Getafe,1 - 3,2,616057,465430,no_auditado
2024-04-27,2024-04-27T14:15:00+00:00,segunda,Burgos,Amorebieta,2 - 2,X,8153364,7983164,no_auditado
2024-04-27,2024-04-27T14:15:00+00:00,segunda,Leganes,Zaragoza,1 - 1,X,457771,623716,no_auditado
2024-04-27,2024-04-27T16:30:00+00:00,laliga,Alavés,Celta de Vigo,3 - 0,1,462026,458622,no_auditado
2024-04-27,2024-04-27T16:30:00+00:00,segunda,Elche,Espanol,2 - 2,X,679031,460324,no_auditado
2024-04-27,2024-04-27T19:00:00+00:00,laliga,Atlético Madrid,Ath Bilbao,3 - 1,1,451814,452665,no_auditado
2024-04-28,2024-04-28T12:00:00+00:00,laliga,Cadiz,Mallorca,1 - 1,X,616908,679882,no_auditado
2024-04-28,2024-04-28T12:00:00+00:00,segunda,Sporting Gijón,Villarreal II,0 - 3,2,622865,8166129,no_auditado
2024-04-28,2024-04-28T14:15:00+00:00,laliga,Granada CF,Osasuna,3 - 0,1,609249,619461,no_auditado
2024-04-28,2024-04-28T14:15:00+00:00,segunda,Alcorcón,Eldense,0 - 0,X,605845,8248676,no_auditado
2024-04-28,2024-04-28T14:15:00+00:00,segunda,Oviedo,Tenerife,0 - 1,2,611802,612653,no_auditado
2024-04-28,2024-04-28T16:30:00+00:00,laliga,Villarreal,Rayo Vallecano,3 - 0,1,454367,620312,no_auditado
2024-04-28,2024-04-28T16:30:00+00:00,segunda,Levante,FC Cartagena,0 - 1,2,459473,4478746,no_auditado
2024-04-28,2024-04-28T16:30:00+00:00,segunda,Valladolid,Huesca,1 - 0,1,613504,618610,no_auditado
2024-04-28,2024-04-28T19:00:00+00:00,laliga,Real Betis,Sevilla FC,1 - 1,X,462877,456920,no_auditado
2024-04-28,2024-04-28T19:00:00+00:00,segunda,Albacete,Eibar,2 - 1,1,615206,464579,no_auditado
2024-04-29,2024-04-29T18:30:00+00:00,segunda,Racing Ferrol,Mirandes,0 - 2,2,8007843,680733,no_auditado
2024-04-29,2024-04-29T19:00:00+00:00,laliga,Barcelona,Valencia,4 - 2,1,450963,453516,no_auditado
2024-05-03,2024-05-03T18:30:00+00:00,segunda,Villarreal II,Levante,0 - 3,2,8166129,459473,no_auditado
2024-05-03,2024-05-03T19:00:00+00:00,laliga,Getafe,Ath Bilbao,0 - 2,2,465430,452665,no_auditado
2024-05-04,2024-05-04T12:00:00+00:00,laliga,Real Sociedad,Las Palmas,2 - 0,1,467132,455218,no_auditado
2024-05-04,2024-05-04T12:00:00+00:00,segunda,Mirandes,Valladolid,0 - 1,2,680733,613504,no_auditado
2024-05-04,2024-05-04T14:15:00+00:00,laliga,Real Madrid,Cadiz,3 - 0,1,461175,616908,no_auditado
2024-05-04,2024-05-04T14:15:00+00:00,segunda,Huesca,Oviedo,0 - 2,2,618610,611802,no_auditado
2024-05-04,2024-05-04T16:30:00+00:00,laliga,Girona,Barcelona,4 - 2,1,466281,450963,no_auditado
2024-05-04,2024-05-04T16:30:00+00:00,segunda,Racing Santander,Elche,3 - 1,1,3970699,679031,no_auditado
2024-05-04,2024-05-04T19:00:00+00:00,laliga,Mallorca,Atlético Madrid,0 - 1,2,679882,451814,no_auditado
2024-05-04,2024-05-04T19:00:00+00:00,segunda,FC Cartagena,Alcorcón,1 - 0,1,4478746,605845,no_auditado
2024-05-05,2024-05-05T12:00:00+00:00,laliga,Osasuna,Real Betis,0 - 2,2,619461,462877,no_auditado
2024-05-05,2024-05-05T12:00:00+00:00,segunda,Eibar,Amorebieta,5 - 0,1,464579,7983164,no_auditado
2024-05-05,2024-05-05T14:15:00+00:00,laliga,Celta de Vigo,Villarreal,3 - 2,1,458622,454367,no_auditado
2024-05-05,2024-05-05T14:15:00+00:00,segunda,Espanol,Sporting Gijón,0 - 0,X,460324,622865,no_auditado
2024-05-05,2024-05-05T14:15:00+00:00,segunda,FC Andorra,Albacete,0 - 1,2,6942391,615206,no_auditado
2024-05-05,2024-05-05T16:30:00+00:00,laliga,Valencia,Alavés,0 - 1,2,453516,462026,no_auditado
2024-05-05,2024-05-05T16:30:00+00:00,segunda,Eldense,Leganes,1 - 2,2,8248676,457771,no_auditado
2024-05-05,2024-05-05T16:30:00+00:00,segunda,Zaragoza,Burgos,1 - 3,2,623716,8153364,no_auditado
2024-05-05,2024-05-05T19:00:00+00:00,laliga,Rayo Vallecano,Almería,0 - 1,2,620312,616057,no_auditado
2024-05-05,2024-05-05T19:00:00+00:00,laliga,Sevilla FC,Granada CF,3 - 0,1,456920,609249,no_auditado
2024-05-05,2024-05-05T19:00:00+00:00,segunda,Tenerife,Racing Ferrol,2 - 0,1,612653,8007843,no_auditado
2024-05-10,2024-05-10T18:30:00+00:00,segunda,Burgos,Eldense,1 - 2,2,8153364,8248676,no_auditado
2024-05-10,2024-05-10T19:00:00+00:00,laliga,Alavés,Girona,2 - 2,X,462026,466281,no_auditado
2024-05-11,2024-05-11T12:00:00+00:00,laliga,Mallorca,Las Palmas,1 - 0,1,679882,455218,no_auditado
2024-05-11,2024-05-11T12:00:00+00:00,segunda,Racing Santander,Mirandes,1 - 0,1,3970699,680733,no_auditado
2024-05-11,2024-05-11T14:15:00+00:00,laliga,Villarreal,Sevilla FC,3 - 2,1,454367,456920,no_auditado
2024-05-11,2024-05-11T14:15:00+00:00,segunda,Racing Ferrol,Alcorcón,2 - 1,1,8007843,605845,no_auditado
2024-05-11,2024-05-11T14:15:00+00:00,segunda,Sporting Gijón,FC Andorra,5 - 2,1,622865,6942391,no_auditado
2024-05-11,2024-05-11T16:30:00+00:00,laliga,Granada CF,Real Madrid,0 - 4,2,609249,461175,no_auditado
2024-05-11,2024-05-11T16:30:00+00:00,segunda,Valladolid,Espanol,0 - 0,X,613504,460324,no_auditado
2024-05-11,2024-05-11T19:00:00+00:00,laliga,Ath Bilbao,Osasuna,2 - 2,X,452665,619461,no_auditado
2024-05-11,2024-05-11T19:00:00+00:00,segunda,Levante,Eibar,2 - 2,X,459473,464579,no_auditado
2024-05-12,2024-05-12T12:00:00+00:00,laliga,Cadiz,Getafe,1 - 0,1,616908,465430,no_auditado
2024-05-12,2024-05-12T12:00:00+00:00,segunda,Amorebieta,Villarreal II,2 - 0,1,7983164,8166129,no_auditado
2024-05-12,2024-05-12T14:15:00+00:00,laliga,Atlético Madrid,Celta de Vigo,1 - 0,1,451814,458622,no_auditado
2024-05-12,2024-05-12T14:15:00+00:00,segunda,Oviedo,Zaragoza,1 - 0,1,611802,623716,no_auditado
2024-05-12,2024-05-12T16:30:00+00:00,laliga,Valencia,Rayo Vallecano,0 - 0,X,453516,620312,no_auditado
2024-05-12,2024-05-12T16:30:00+00:00,segunda,Albacete,Leganes,1 - 0,1,615206,457771,no_auditado
2024-05-12,2024-05-12T16:30:00+00:00,segunda,FC Cartagena,Tenerife,2 - 0,1,4478746,612653,no_auditado
2024-05-12,2024-05-12T19:00:00+00:00,laliga,Real Betis,Almería,3 - 2,1,462877,616057,no_auditado
2024-05-12,2024-05-12T19:00:00+00:00,segunda,Elche,Huesca,0 - 3,2,679031,618610,no_auditado
2024-05-13,2024-05-13T19:00:00+00:00,laliga,Barcelona,Real Sociedad,2 - 0,1,450963,467132,no_auditado
2024-05-14,2024-05-14T17:30:00+00:00,laliga,Osasuna,Mallorca,1 - 1,X,619461,679882,no_auditado
2024-05-14,2024-05-14T19:30:00+00:00,laliga,Real Madrid,Alavés,5 - 0,1,461175,462026,no_auditado
2024-05-14,2024-05-14T20:00:00+00:00,laliga,Girona,Villarreal,0 - 1,2,466281,454367,no_auditado
2024-05-15,2024-05-15T17:30:00+00:00,laliga,Rayo Vallecano,Granada CF,2 - 1,1,620312,609249,no_auditado
2024-05-15,2024-05-15T17:30:00+00:00,laliga,Sevilla FC,Cadiz,0 - 1,2,456920,616908,no_auditado
2024-05-15,2024-05-15T20:00:00+00:00,laliga,Celta de Vigo,Ath Bilbao,2 - 1,1,458622,452665,no_auditado
2024-05-15,2024-05-15T20:00:00+00:00,laliga,Getafe,Atlético Madrid,0 - 3,2,465430,451814,no_auditado
2024-05-16,2024-05-16T17:30:00+00:00,laliga,Las Palmas,Real Betis,2 - 2,X,455218,462877,no_auditado
2024-05-16,2024-05-16T19:30:00+00:00,laliga,Almería,Barcelona,0 - 2,2,616057,450963,no_auditado
2024-05-16,2024-05-16T20:00:00+00:00,laliga,Real Sociedad,Valencia,1 - 0,1,467132,453516,no_auditado
2024-05-17,2024-05-17T18:30:00+00:00,segunda,Mirandes,Elche,1 - 1,X,680733,679031,no_auditado
2024-05-18,2024-05-18T12:00:00+00:00,segunda,FC Andorra,Burgos,1 - 0,1,6942391,8153364,no_auditado
2024-05-18,2024-05-18T14:15:00+00:00,segunda,Huesca,Racing Santander,0 - 3,2,618610,3970699,no_auditado
2024-05-18,2024-05-18T14:15:00+00:00,segunda,Leganes,Sporting Gijón,2 - 1,1,457771,622865,no_auditado
2024-05-18,2024-05-18T19:00:00+00:00,laliga,Alavés,Getafe,1 - 0,1,462026,465430,no_auditado
2024-05-18,2024-05-18T19:00:00+00:00,segunda,Eldense,Levante,0 - 0,X,8248676,459473,no_auditado
2024-05-18,2024-05-18T19:00:00+00:00,segunda,Tenerife,Amorebieta,0 - 1,2,612653,7983164,no_auditado
2024-05-19,2024-05-19T12:00:00+00:00,segunda,Eibar,FC Cartagena,1 - 0,1,464579,4478746,no_auditado
2024-05-19,2024-05-19T14:15:00+00:00,segunda,Alcorcón,Valladolid,1 - 1,X,605845,613504,no_auditado
2024-05-19,2024-05-19T17:00:00+00:00,laliga,Ath Bilbao,Sevilla FC,2 - 0,1,452665,456920,no_auditado
2024-05-19,2024-05-19T17:00:00+00:00,laliga,Atlético Madrid,Osasuna,1 - 4,2,451814,619461,no_auditado
2024-05-19,2024-05-19T17:00:00+00:00,laliga,Barcelona,Rayo Vallecano,3 - 0,1,450963,620312,no_auditado
2024-05-19,2024-05-19T17:00:00+00:00,laliga,Cadiz,Las Palmas,0 - 0,X,616908,455218,no_auditado
2024-05-19,2024-05-19T17:00:00+00:00,laliga,Granada CF,Celta de Vigo,1 - 2,2,609249,458622,no_auditado
2024-05-19,2024-05-19T17:00:00+00:00,laliga,Mallorca,Almería,2 - 2,X,679882,616057,no_auditado
2024-05-19,2024-05-19T17:00:00+00:00,laliga,Real Betis,Real Sociedad,0 - 2,2,462877,467132,no_auditado
2024-05-19,2024-05-19T17:00:00+00:00,laliga,Valencia,Girona,1 - 3,2,453516,466281,no_auditado
2024-05-19,2024-05-19T17:00:00+00:00,laliga,Villarreal,Real Madrid,4 - 4,X,454367,461175,no_auditado
2024-05-19,2024-05-19T19:00:00+00:00,segunda,Zaragoza,Racing Ferrol,2 - 2,X,623716,8007843,no_auditado
2024-05-20,2024-05-20T18:30:00+00:00,segunda,Espanol,Oviedo,2 - 1,1,460324,611802,no_auditado
2024-05-20,2024-05-20T18:30:00+00:00,segunda,Villarreal II,Albacete,2 - 2,X,8166129,615206,no_auditado
2024-05-24,2024-05-24T19:00:00+00:00,laliga,Girona,Granada CF,7 - 0,1,466281,609249,no_auditado
2024-05-25,2024-05-25T12:00:00+00:00,laliga,Osasuna,Villarreal,1 - 1,X,619461,454367,no_auditado
2024-05-25,2024-05-25T14:15:00+00:00,laliga,Real Sociedad,Atlético Madrid,0 - 2,2,467132,451814,no_auditado
2024-05-25,2024-05-25T16:30:00+00:00,laliga,Almería,Cadiz,6 - 1,1,616057,616908,no_auditado
2024-05-25,2024-05-25T16:30:00+00:00,laliga,Rayo Vallecano,Ath Bilbao,0 - 1,2,620312,452665,no_auditado
2024-05-25,2024-05-25T19:00:00+00:00,laliga,Real Madrid,Real Betis,0 - 0,X,461175,462877,no_auditado
2024-05-26,2024-05-26T12:00:00+00:00,laliga,Getafe,Mallorca,1 - 2,2,465430,679882,no_auditado
2024-05-26,2024-05-26T14:15:00+00:00,laliga,Celta de Vigo,Valencia,2 - 2,X,458622,453516,no_auditado
2024-05-26,2024-05-26T14:15:00+00:00,laliga,Las Palmas,Alavés,1 - 1,X,455218,462026,no_auditado
2024-05-26,2024-05-26T16:30:00+00:00,segunda,Albacete,Mirandes,2 - 2,X,615206,680733,no_auditado
2024-05-26,2024-05-26T16:30:00+00:00,segunda,Amorebieta,Espanol,0 - 0,X,7983164,460324,no_auditado
2024-05-26,2024-05-26T16:30:00+00:00,segunda,Burgos,Tenerife,1 - 1,X,8153364,612653,no_auditado
2024-05-26,2024-05-26T16:30:00+00:00,segunda,Elche,Eldense,1 - 2,2,679031,8248676,no_auditado
2024-05-26,2024-05-26T16:30:00+00:00,segunda,FC Cartagena,Huesca,0 - 2,2,4478746,618610,no_auditado
2024-05-26,2024-05-26T16:30:00+00:00,segunda,Levante,Alcorcón,2 - 2,X,459473,605845,no_auditado
2024-05-26,2024-05-26T16:30:00+00:00,segunda,Oviedo,FC Andorra,3 - 0,1,611802,6942391,no_auditado
2024-05-26,2024-05-26T16:30:00+00:00,segunda,Racing Ferrol,Leganes,2 - 2,X,8007843,457771,no_auditado
2024-05-26,2024-05-26T16:30:00+00:00,segunda,Racing Santander,Zaragoza,0 - 2,2,3970699,623716,no_auditado
2024-05-26,2024-05-26T16:30:00+00:00,segunda,Sporting Gijón,Eibar,1 - 0,1,622865,464579,no_auditado
2024-05-26,2024-05-26T16:30:00+00:00,segunda,Valladolid,Villarreal II,3 - 2,1,613504,8166129,no_auditado
2024-05-26,2024-05-26T19:00:00+00:00,laliga,Sevilla FC,Barcelona,1 - 2,2,456920,450963,no_auditado
2024-06-02,2024-06-02T14:15:00+00:00,segunda,Alcorcón,Burgos,1 - 1,X,605845,8153364,no_auditado
2024-06-02,2024-06-02T14:15:00+00:00,segunda,FC Andorra,Racing Ferrol,1 - 0,1,6942391,8007843,no_auditado
2024-06-02,2024-06-02T14:15:00+00:00,segunda,Huesca,Levante,0 - 0,X,618610,459473,no_auditado
2024-06-02,2024-06-02T16:30:00+00:00,segunda,Eibar,Oviedo,4 - 3,1,464579,611802,no_auditado
2024-06-02,2024-06-02T16:30:00+00:00,segunda,Eldense,Sporting Gijón,0 - 1,2,8248676,622865,no_auditado
2024-06-02,2024-06-02T16:30:00+00:00,segunda,Espanol,FC Cartagena,3 - 0,1,460324,4478746,no_auditado
2024-06-02,2024-06-02T16:30:00+00:00,segunda,Leganes,Elche,2 - 0,1,457771,679031,no_auditado
2024-06-02,2024-06-02T16:30:00+00:00,segunda,Mirandes,Amorebieta,1 - 0,1,680733,7983164,no_auditado
2024-06-02,2024-06-02T16:30:00+00:00,segunda,Tenerife,Valladolid,2 - 1,1,612653,613504,no_auditado
2024-06-02,2024-06-02T16:30:00+00:00,segunda,Villarreal II,Racing Santander,1 - 0,1,8166129,3970699,no_auditado
2024-06-02,2024-06-02T19:00:00+00:00,segunda,Zaragoza,Albacete,1 - 1,X,623716,615206,no_auditado
2024-06-08,2024-06-08T16:30:00+00:00,segunda,Oviedo,Eibar,0 - 0,X,611802,464579,no_auditado
2024-06-09,2024-06-09T19:00:00+00:00,segunda,Sporting Gijón,Espanol,0 - 1,2,622865,460324,no_auditado
2024-06-12,2024-06-12T19:00:00+00:00,segunda,Eibar,Oviedo,0 - 2,2,464579,611802,no_auditado
2024-06-13,2024-06-13T19:00:00+00:00,segunda,Espanol,Sporting Gijón,0 - 0,X,460324,622865,no_auditado
2024-06-16,2024-06-16T16:30:00+00:00,segunda,Oviedo,Espanol,1 - 0,1,611802,460324,no_auditado
2024-06-23,2024-06-23T16:30:00+00:00,segunda,Espanol,Oviedo,2 - 0,1,460324,611802,no_auditado
2024-08-15,2024-08-15T17:00:00+00:00,laliga,Ath Bilbao,Getafe,1 - 1,X,452665,465430,no_auditado
2024-08-15,2024-08-15T18:30:00+00:00,segunda,Granada CF,Albacete,1 - 2,2,609249,615206,no_auditado
2024-08-15,2024-08-15T19:30:00+00:00,laliga,Real Betis,Girona,1 - 1,X,462877,466281,no_auditado
2024-08-16,2024-08-16T17:00:00+00:00,laliga,Celta de Vigo,Alavés,2 - 1,1,458622,462026,no_auditado
2024-08-16,2024-08-16T17:00:00+00:00,segunda,Mirandes,Cordoba,1 - 0,1,680733,607547,no_auditado
2024-08-16,2024-08-16T19:30:00+00:00,laliga,Las Palmas,Sevilla FC,2 - 2,X,455218,456920,no_auditado
2024-08-16,2024-08-16T19:30:00+00:00,segunda,Cadiz,Zaragoza,0 - 4,2,616908,623716,no_auditado
2024-08-17,2024-08-17T15:00:00+00:00,segunda,Eibar,Castellón,1 - 0,1,464579,4471938,no_auditado
2024-08-17,2024-08-17T15:00:00+00:00,segunda,Racing Ferrol,Malaga,2 - 2,X,8007843,456069,no_auditado
2024-08-17,2024-08-17T17:00:00+00:00,laliga,Osasuna,Leganes,1 - 1,X,619461,457771,no_auditado
2024-08-17,2024-08-17T17:00:00+00:00,segunda,Deportivo La Coruña,Oviedo,0 - 1,2,463728,611802,no_auditado
2024-08-17,2024-08-17T19:30:00+00:00,laliga,Valencia,Barcelona,1 - 2,2,453516,450963,no_auditado
2024-08-18,2024-08-18T15:00:00+00:00,segunda,Racing Santander,Almería,2 - 2,X,3970699,616057,no_auditado
2024-08-18,2024-08-18T15:00:00+00:00,segunda,Sporting Gijón,Levante,1 - 2,2,622865,459473,no_auditado
2024-08-18,2024-08-18T17:00:00+00:00,laliga,Real Sociedad,Rayo Vallecano,1 - 2,2,467132,620312,no_auditado
2024-08-18,2024-08-18T17:30:00+00:00,segunda,Burgos,FC Cartagena,3 - 1,1,8153364,4478746,no_auditado
2024-08-18,2024-08-18T17:30:00+00:00,segunda,Elche,Huesca,0 - 1,2,679031,618610,no_auditado
2024-08-18,2024-08-18T19:30:00+00:00,laliga,Mallorca,Real Madrid,1 - 1,X,679882,461175,no_auditado
2024-08-19,2024-08-19T17:00:00+00:00,laliga,Valladolid,Espanol,1 - 0,1,613504,460324,no_auditado
2024-08-19,2024-08-19T18:30:00+00:00,segunda,Eldense,Tenerife,2 - 1,1,8248676,612653,no_auditado
2024-08-19,2024-08-19T19:30:00+00:00,laliga,Villarreal,Atlético Madrid,2 - 2,X,454367,451814,no_auditado
2024-08-23,2024-08-23T17:00:00+00:00,laliga,Celta de Vigo,Valencia,3 - 1,1,458622,453516,no_auditado
2024-08-23,2024-08-23T17:00:00+00:00,segunda,Racing Santander,Eibar,2 - 2,X,3970699,464579,no_auditado
2024-08-23,2024-08-23T19:30:00+00:00,laliga,Sevilla FC,Villarreal,1 - 2,2,456920,454367,no_auditado
2024-08-23,2024-08-23T19:30:00+00:00,segunda,Huesca,Deportivo La Coruña,2 - 1,1,618610,463728,no_auditado
2024-08-24,2024-08-24T15:00:00+00:00,laliga,Osasuna,Mallorca,1 - 0,1,619461,679882,no_auditado
2024-08-24,2024-08-24T15:00:00+00:00,segunda,Racing Ferrol,Granada CF,0 - 1,2,8007843,609249,no_auditado
2024-08-24,2024-08-24T15:00:00+00:00,segunda,Sporting Gijón,Eldense,0 - 0,X,622865,8248676,no_auditado
2024-08-24,2024-08-24T17:00:00+00:00,laliga,Barcelona,Ath Bilbao,2 - 1,1,450963,452665,no_auditado
2024-08-24,2024-08-24T17:00:00+00:00,segunda,Levante,Cadiz,1 - 1,X,459473,616908,no_auditado
2024-08-24,2024-08-24T19:30:00+00:00,laliga,Espanol,Real Sociedad,0 - 1,2,460324,467132,no_auditado
2024-08-24,2024-08-24T19:30:00+00:00,laliga,Getafe,Rayo Vallecano,0 - 0,X,465430,620312,no_auditado
2024-08-24,2024-08-24T19:30:00+00:00,segunda,Malaga,Mirandes,1 - 1,X,456069,680733,no_auditado
2024-08-24,2024-08-24T19:30:00+00:00,segunda,Tenerife,Almería,0 - 1,2,612653,616057,no_auditado
2024-08-25,2024-08-25T15:00:00+00:00,laliga,Real Madrid,Valladolid,3 - 0,1,461175,613504,no_auditado
2024-08-25,2024-08-25T17:00:00+00:00,laliga,Leganes,Las Palmas,2 - 1,1,457771,455218,no_auditado
2024-08-25,2024-08-25T17:00:00+00:00,segunda,Albacete,Elche,1 - 0,1,615206,679031,no_auditado
2024-08-25,2024-08-25T17:15:00+00:00,laliga,Alavés,Real Betis,0 - 0,X,462026,462877,no_auditado
2024-08-25,2024-08-25T19:30:00+00:00,laliga,Atlético Madrid,Girona,3 - 0,1,451814,466281,no_auditado
2024-08-25,2024-08-25T19:30:00+00:00,segunda,Castellón,Oviedo,0 - 0,X,4471938,611802,no_auditado
2024-08-26,2024-08-26T17:00:00+00:00,segunda,FC Cartagena,Zaragoza,1 - 2,2,4478746,623716,no_auditado
2024-08-26,2024-08-26T19:30:00+00:00,laliga,Villarreal,Celta de Vigo,4 - 3,1,454367,458622,no_auditado
2024-08-26,2024-08-26T19:30:00+00:00,segunda,Cordoba,Burgos,2 - 2,X,607547,8153364,no_auditado
2024-08-27,2024-08-27T17:00:00+00:00,laliga,Mallorca,Sevilla FC,0 - 0,X,679882,456920,no_auditado
2024-08-27,2024-08-27T19:30:00+00:00,laliga,Rayo Vallecano,Barcelona,1 - 2,2,620312,450963,no_auditado
2024-08-28,2024-08-28T17:00:00+00:00,laliga,Ath Bilbao,Valencia,1 - 0,1,452665,453516,no_auditado
2024-08-28,2024-08-28T17:00:00+00:00,laliga,Valladolid,Leganes,0 - 0,X,613504,457771,no_auditado
2024-08-28,2024-08-28T19:30:00+00:00,laliga,Atlético Madrid,Espanol,0 - 0,X,451814,460324,no_auditado
2024-08-28,2024-08-28T19:30:00+00:00,laliga,Real Sociedad,Alavés,1 - 2,2,467132,462026,no_auditado
2024-08-29,2024-08-29T17:00:00+00:00,laliga,Girona,Osasuna,4 - 0,1,466281,619461,no_auditado
2024-08-29,2024-08-29T19:30:00+00:00,laliga,Las Palmas,Real Madrid,1 - 1,X,455218,461175,no_auditado
2024-08-30,2024-08-30T17:00:00+00:00,segunda,Granada CF,Huesca,1 - 3,2,609249,618610,no_auditado
2024-08-30,2024-08-30T19:30:00+00:00,segunda,Oviedo,Racing Santander,1 - 3,2,611802,3970699,no_auditado
2024-08-31,2024-08-31T15:00:00+00:00,laliga,Barcelona,Valladolid,7 - 0,1,450963,613504,no_auditado
2024-08-31,2024-08-31T17:00:00+00:00,laliga,Ath Bilbao,Atlético Madrid,0 - 1,2,452665,451814,no_auditado
2024-08-31,2024-08-31T17:00:00+00:00,segunda,Cadiz,Tenerife,2 - 2,X,616908,612653,no_auditado
2024-08-31,2024-08-31T17:15:00+00:00,laliga,Espanol,Rayo Vallecano,2 - 1,1,460324,620312,no_auditado
2024-08-31,2024-08-31T19:30:00+00:00,laliga,Leganes,Mallorca,0 - 1,2,457771,679882,no_auditado
2024-08-31,2024-08-31T19:30:00+00:00,laliga,Valencia,Villarreal,1 - 1,X,453516,454367,no_auditado
2024-08-31,2024-08-31T19:30:00+00:00,segunda,Almería,Sporting Gijón,1 - 1,X,616057,622865,no_auditado
2024-08-31,2024-08-31T19:30:00+00:00,segunda,Malaga,Albacete,2 - 1,1,456069,615206,no_auditado
2024-09-01,2024-09-01T15:00:00+00:00,laliga,Alavés,Las Palmas,2 - 0,1,462026,455218,no_auditado
2024-09-01,2024-09-01T15:00:00+00:00,laliga,Osasuna,Celta de Vigo,3 - 2,1,619461,458622,no_auditado
2024-09-01,2024-09-01T15:00:00+00:00,segunda,Burgos,Castellón,0 - 2,2,8153364,4471938,no_auditado
2024-09-01,2024-09-01T15:00:00+00:00,segunda,Deportivo La Coruña,Racing Ferrol,1 - 0,1,463728,8007843,no_auditado
2024-09-01,2024-09-01T17:00:00+00:00,laliga,Sevilla FC,Girona,0 - 2,2,456920,466281,no_auditado
2024-09-01,2024-09-01T17:00:00+00:00,segunda,Eldense,FC Cartagena,1 - 2,2,8248676,4478746,no_auditado
2024-09-01,2024-09-01T17:00:00+00:00,segunda,Mirandes,Zaragoza,0 - 0,X,680733,623716,no_auditado
2024-09-01,2024-09-01T17:15:00+00:00,laliga,Getafe,Real Sociedad,0 - 0,X,465430,467132,no_auditado
2024-09-01,2024-09-01T19:30:00+00:00,laliga,Real Madrid,Real Betis,2 - 0,1,461175,462877,no_auditado
2024-09-02,2024-09-02T17:00:00+00:00,segunda,Eibar,Levante,2 - 2,X,464579,459473,no_auditado
2024-09-02,2024-09-02T19:30:00+00:00,segunda,Elche,Cordoba,3 - 1,1,679031,607547,no_auditado
2024-09-06,2024-09-06T19:00:00+00:00,segunda,Tenerife,Racing Santander,0 - 1,2,612653,3970699,no_auditado
2024-09-07,2024-09-07T14:15:00+00:00,segunda,Granada CF,Deportivo La Coruña,1 - 1,X,609249,463728,no_auditado
2024-09-07,2024-09-07T16:30:00+00:00,segunda,Huesca,Burgos,0 - 1,2,618610,8153364,no_auditado
2024-09-07,2024-09-07T16:30:00+00:00,segunda,Sporting Gijón,Oviedo,3 - 1,1,622865,611802,no_auditado
2024-09-07,2024-09-07T19:00:00+00:00,segunda,Cordoba,Malaga,0 - 0,X,607547,456069,no_auditado
2024-09-08,2024-09-08T12:00:00+00:00,segunda,Racing Ferrol,Mirandes,0 - 0,X,8007843,680733,no_auditado
2024-09-08,2024-09-08T14:15:00+00:00,segunda,FC Cartagena,Levante,0 - 1,2,4478746,459473,no_auditado
2024-09-08,2024-09-08T16:30:00+00:00,segunda,Eldense,Almería,1 - 0,1,8248676,616057,no_auditado
2024-09-08,2024-09-08T16:30:00+00:00,segunda,Zaragoza,Elche,3 - 0,1,623716,679031,no_auditado
2024-09-09,2024-09-09T19:00:00+00:00,segunda,Albacete,Eibar,0 - 1,2,615206,464579,no_auditado
2024-09-09,2024-09-09T19:00:00+00:00,segunda,Castellón,Cadiz,1 - 3,2,4471938,616908,no_auditado
2024-09-13,2024-09-13T18:30:00+00:00,segunda,Cordoba,Deportivo La Coruña,2 - 0,1,607547,463728,no_auditado
2024-09-13,2024-09-13T19:00:00+00:00,laliga,Real Betis,Leganes,2 - 0,1,462877,457771,no_auditado
2024-09-14,2024-09-14T12:00:00+00:00,laliga,Mallorca,Villarreal,1 - 2,2,679882,454367,no_auditado
2024-09-14,2024-09-14T14:15:00+00:00,laliga,Espanol,Alavés,3 - 2,1,460324,462026,no_auditado
2024-09-14,2024-09-14T14:15:00+00:00,segunda,Eibar,Tenerife,1 - 0,1,464579,612653,no_auditado
2024-09-14,2024-09-14T14:15:00+00:00,segunda,Levante,Eldense,3 - 1,1,459473,8248676,no_auditado
2024-09-14,2024-09-14T16:30:00+00:00,laliga,Sevilla FC,Getafe,1 - 0,1,456920,465430,no_auditado
2024-09-14,2024-09-14T16:30:00+00:00,segunda,Malaga,Huesca,1 - 0,1,456069,618610,no_auditado
2024-09-14,2024-09-14T16:30:00+00:00,segunda,Racing Santander,Sporting Gijón,1 - 0,1,3970699,622865,no_auditado
2024-09-14,2024-09-14T19:00:00+00:00,laliga,Real Sociedad,Real Madrid,0 - 2,2,467132,461175,no_auditado
2024-09-15,2024-09-15T12:00:00+00:00,laliga,Celta de Vigo,Valladolid,3 - 1,1,458622,613504,no_auditado
2024-09-15,2024-09-15T12:00:00+00:00,segunda,Mirandes,Albacete,2 - 0,1,680733,615206,no_auditado
2024-09-15,2024-09-15T14:15:00+00:00,laliga,Girona,Barcelona,1 - 4,2,466281,450963,no_auditado
2024-09-15,2024-09-15T14:15:00+00:00,segunda,Oviedo,FC Cartagena,1 - 0,1,611802,4478746,no_auditado
2024-09-15,2024-09-15T16:30:00+00:00,laliga,Las Palmas,Ath Bilbao,2 - 3,2,455218,452665,no_auditado
2024-09-15,2024-09-15T16:30:00+00:00,segunda,Burgos,Zaragoza,1 - 0,1,8153364,623716,no_auditado
2024-09-15,2024-09-15T16:30:00+00:00,segunda,Cadiz,Racing Ferrol,0 - 0,X,616908,8007843,no_auditado
2024-09-15,2024-09-15T19:00:00+00:00,laliga,Atlético Madrid,Valencia,3 - 0,1,451814,453516,no_auditado
2024-09-15,2024-09-15T19:00:00+00:00,segunda,Elche,Granada CF,2 - 2,X,679031,609249,no_auditado
2024-09-16,2024-09-16T18:30:00+00:00,segunda,Almería,Castellón,2 - 5,2,616057,4471938,no_auditado
2024-09-16,2024-09-16T19:00:00+00:00,laliga,Rayo Vallecano,Osasuna,3 - 1,1,620312,619461,no_auditado
2024-09-17,2024-09-17T17:00:00+00:00,laliga,Mallorca,Real Sociedad,1 - 0,1,679882,467132,no_auditado
2024-09-18,2024-09-18T17:00:00+00:00,laliga,Real Betis,Getafe,2 - 1,1,462877,465430,no_auditado
2024-09-19,2024-09-19T17:00:00+00:00,laliga,Leganes,Ath Bilbao,0 - 2,2,457771,452665,no_auditado
2024-09-20,2024-09-20T18:30:00+00:00,segunda,Granada CF,Malaga,2 - 2,X,609249,456069,no_auditado
2024-09-20,2024-09-20T19:00:00+00:00,laliga,Alavés,Sevilla FC,2 - 1,1,462026,456920,no_auditado
2024-09-21,2024-09-21T12:00:00+00:00,laliga,Valladolid,Real Sociedad,0 - 0,X,613504,467132,no_auditado
2024-09-21,2024-09-21T14:15:00+00:00,laliga,Osasuna,Las Palmas,2 - 1,1,619461,455218,no_auditado
2024-09-21,2024-09-21T14:15:00+00:00,segunda,Racing Ferrol,Albacete,1 - 4,2,8007843,615206,no_auditado
2024-09-21,2024-09-21T16:30:00+00:00,laliga,Valencia,Girona,2 - 0,1,453516,466281,no_auditado
2024-09-21,2024-09-21T16:30:00+00:00,segunda,Deportivo La Coruña,Burgos,0 - 2,2,463728,8153364,no_auditado
2024-09-21,2024-09-21T16:30:00+00:00,segunda,Eldense,Oviedo,1 - 1,X,8248676,611802,no_auditado
2024-09-21,2024-09-21T19:00:00+00:00,laliga,Real Madrid,Espanol,4 - 1,1,461175,460324,no_auditado
2024-09-21,2024-09-21T19:00:00+00:00,segunda,Zaragoza,Levante,2 - 1,1,623716,459473,no_auditado
2024-09-22,2024-09-22T12:00:00+00:00,laliga,Getafe,Leganes,1 - 1,X,465430,457771,no_auditado
2024-09-22,2024-09-22T12:00:00+00:00,segunda,Tenerife,Sporting Gijón,1 - 1,X,612653,622865,no_auditado
2024-09-22,2024-09-22T14:15:00+00:00,laliga,Ath Bilbao,Celta de Vigo,3 - 1,1,452665,458622,no_auditado
2024-09-22,2024-09-22T14:15:00+00:00,segunda,Castellón,Racing Santander,0 - 1,2,4471938,3970699,no_auditado
2024-09-22,2024-09-22T14:15:00+00:00,segunda,FC Cartagena,Cadiz,1 - 2,2,4478746,616908,no_auditado
2024-09-22,2024-09-22T16:30:00+00:00,laliga,Villarreal,Barcelona,1 - 5,2,454367,450963,no_auditado
2024-09-22,2024-09-22T16:30:00+00:00,segunda,Elche,Mirandes,1 - 0,1,679031,680733,no_auditado
2024-09-22,2024-09-22T19:00:00+00:00,laliga,Rayo Vallecano,Atlético Madrid,1 - 1,X,620312,451814,no_auditado
2024-09-22,2024-09-22T19:00:00+00:00,segunda,Almería,Eibar,2 - 2,X,616057,464579,no_auditado
2024-09-23,2024-09-23T18:30:00+00:00,segunda,Huesca,Cordoba,4 - 1,1,618610,607547,no_auditado
2024-09-23,2024-09-23T19:00:00+00:00,laliga,Real Betis,Mallorca,1 - 2,2,462877,679882,no_auditado
2024-09-24,2024-09-24T17:00:00+00:00,laliga,Sevilla FC,Valladolid,2 - 1,1,456920,613504,no_auditado
2024-09-24,2024-09-24T17:00:00+00:00,laliga,Valencia,Osasuna,0 - 0,X,453516,619461,no_auditado
2024-09-24,2024-09-24T19:00:00+00:00,laliga,Real Madrid,Alavés,3 - 2,1,461175,462026,no_auditado
2024-09-25,2024-09-25T17:00:00+00:00,laliga,Girona,Rayo Vallecano,0 - 0,X,466281,620312,no_auditado
2024-09-25,2024-09-25T19:00:00+00:00,laliga,Barcelona,Getafe,1 - 0,1,450963,465430,no_auditado
2024-09-26,2024-09-26T17:00:00+00:00,laliga,Espanol,Villarreal,1 - 2,2,460324,454367,no_auditado
2024-09-26,2024-09-26T17:00:00+00:00,laliga,Las Palmas,Real Betis,1 - 1,X,455218,462877,no_auditado
2024-09-26,2024-09-26T19:00:00+00:00,laliga,Celta de Vigo,Atlético Madrid,0 - 1,2,458622,451814,no_auditado
2024-09-27,2024-09-27T18:30:00+00:00,segunda,Albacete,Deportivo La Coruña,2 - 5,2,615206,463728,no_auditado
2024-09-27,2024-09-27T19:00:00+00:00,laliga,Valladolid,Mallorca,1 - 2,2,613504,679882,no_auditado
2024-09-28,2024-09-28T12:00:00+00:00,laliga,Getafe,Alavés,2 - 0,1,465430,462026,no_auditado
2024-09-28,2024-09-28T14:15:00+00:00,laliga,Rayo Vallecano,Leganes,1 - 1,X,620312,457771,no_auditado
2024-09-28,2024-09-28T14:15:00+00:00,segunda,Cadiz,Eldense,1 - 2,2,616908,8248676,no_auditado
2024-09-28,2024-09-28T14:15:00+00:00,segunda,Mirandes,Huesca,1 - 0,1,680733,618610,no_auditado
2024-09-28,2024-09-28T16:30:00+00:00,laliga,Real Sociedad,Valencia,3 - 0,1,467132,453516,no_auditado
2024-09-28,2024-09-28T16:30:00+00:00,segunda,Sporting Gijón,Zaragoza,1 - 0,1,622865,623716,no_auditado
2024-09-28,2024-09-28T19:00:00+00:00,laliga,Osasuna,Barcelona,4 - 2,1,619461,450963,no_auditado
2024-09-28,2024-09-28T19:00:00+00:00,segunda,Malaga,Elche,0 - 3,2,456069,679031,no_auditado
2024-09-29,2024-09-29T12:00:00+00:00,laliga,Celta de Vigo,Girona,1 - 1,X,458622,466281,no_auditado
2024-09-29,2024-09-29T12:00:00+00:00,segunda,Levante,Almería,4 - 2,1,459473,616057,no_auditado
2024-09-29,2024-09-29T14:15:00+00:00,laliga,Ath Bilbao,Sevilla FC,1 - 1,X,452665,456920,no_auditado
2024-09-29,2024-09-29T14:15:00+00:00,segunda,Burgos,Granada CF,2 - 2,X,8153364,609249,no_auditado
2024-09-29,2024-09-29T14:15:00+00:00,segunda,Castellón,Tenerife,2 - 1,1,4471938,612653,no_auditado
2024-09-29,2024-09-29T16:30:00+00:00,laliga,Real Betis,Espanol,1 - 0,1,462877,460324,no_auditado
2024-09-29,2024-09-29T16:30:00+00:00,segunda,Cordoba,Racing Ferrol,3 - 1,1,607547,8007843,no_auditado
2024-09-29,2024-09-29T16:30:00+00:00,segunda,Oviedo,Eibar,1 - 0,1,611802,464579,no_auditado
2024-09-29,2024-09-29T19:00:00+00:00,laliga,Atlético Madrid,Real Madrid,1 - 1,X,451814,461175,no_auditado
2024-09-30,2024-09-30T18:30:00+00:00,segunda,Racing Santander,FC Cartagena,1 - 2,2,3970699,4478746,no_auditado
2024-09-30,2024-09-30T19:00:00+00:00,laliga,Villarreal,Las Palmas,3 - 1,1,454367,455218,no_auditado
2024-10-04,2024-10-04T18:30:00+00:00,segunda,Huesca,Cadiz,3 - 1,1,618610,616908,no_auditado
2024-10-04,2024-10-04T19:00:00+00:00,laliga,Leganes,Valencia,0 - 0,X,457771,453516,no_auditado
2024-10-05,2024-10-05T12:00:00+00:00,laliga,Espanol,Mallorca,2 - 1,1,460324,679882,no_auditado
2024-10-05,2024-10-05T12:00:00+00:00,segunda,Racing Ferrol,Elche,1 - 0,1,8007843,679031,no_auditado
2024-10-05,2024-10-05T14:15:00+00:00,laliga,Getafe,Osasuna,1 - 1,X,465430,619461,no_auditado
2024-10-05,2024-10-05T14:15:00+00:00,segunda,Eibar,Sporting Gijón,1 - 3,2,464579,622865,no_auditado
2024-10-05,2024-10-05T14:15:00+00:00,segunda,Mirandes,Granada CF,0 - 1,2,680733,609249,no_auditado
2024-10-05,2024-10-05T16:30:00+00:00,laliga,Las Palmas,Celta de Vigo,0 - 1,2,455218,458622,no_auditado
2024-10-05,2024-10-05T16:30:00+00:00,laliga,Valladolid,Rayo Vallecano,1 - 2,2,613504,620312,no_auditado
2024-10-05,2024-10-05T16:30:00+00:00,segunda,Almería,Burgos,2 - 0,1,616057,8153364,no_auditado
2024-10-05,2024-10-05T16:30:00+00:00,segunda,Zaragoza,Racing Santander,2 - 3,2,623716,3970699,no_auditado
2024-10-05,2024-10-05T19:00:00+00:00,laliga,Real Madrid,Villarreal,2 - 0,1,461175,454367,no_auditado
2024-10-05,2024-10-05T19:00:00+00:00,segunda,Tenerife,FC Cartagena,2 - 0,1,612653,4478746,no_auditado
2024-10-06,2024-10-06T12:00:00+00:00,laliga,Girona,Ath Bilbao,2 - 1,1,466281,452665,no_auditado
2024-10-06,2024-10-06T12:00:00+00:00,segunda,Deportivo La Coruña,Malaga,0 - 0,X,463728,456069,no_auditado
2024-10-06,2024-10-06T14:15:00+00:00,laliga,Alavés,Barcelona,0 - 3,2,462026,450963,no_auditado
2024-10-06,2024-10-06T14:15:00+00:00,segunda,Eldense,Castellón,2 - 3,2,8248676,4471938,no_auditado
2024-10-06,2024-10-06T16:30:00+00:00,laliga,Sevilla FC,Real Betis,1 - 0,1,456920,462877,no_auditado
2024-10-06,2024-10-06T16:30:00+00:00,segunda,Levante,Oviedo,0 - 0,X,459473,611802,no_auditado
2024-10-06,2024-10-06T19:00:00+00:00,laliga,Real Sociedad,Atlético Madrid,1 - 1,X,467132,451814,no_auditado
2024-10-06,2024-10-06T19:00:00+00:00,segunda,Albacete,Cordoba,1 - 1,X,615206,607547,no_auditado
2024-10-11,2024-10-11T18:30:00+00:00,segunda,Tenerife,Zaragoza,2 - 3,2,612653,623716,no_auditado
2024-10-12,2024-10-12T14:15:00+00:00,segunda,FC Cartagena,Racing Ferrol,0 - 1,2,4478746,8007843,no_auditado
2024-10-12,2024-10-12T16:30:00+00:00,segunda,Cadiz,Malaga,2 - 2,X,616908,456069,no_auditado
2024-10-12,2024-10-12T16:30:00+00:00,segunda,Eibar,Eldense,1 - 0,1,464579,8248676,no_auditado
2024-10-13,2024-10-13T12:00:00+00:00,segunda,Huesca,Albacete,2 - 2,X,618610,615206,no_auditado
2024-10-13,2024-10-13T14:15:00+00:00,segunda,Oviedo,Almería,3 - 2,1,611802,616057,no_auditado
2024-10-13,2024-10-13T14:15:00+00:00,segunda,Racing Santander,Levante,1 - 0,1,3970699,459473,no_auditado
2024-10-13,2024-10-13T16:30:00+00:00,segunda,Burgos,Mirandes,0 - 1,2,8153364,680733,no_auditado
2024-10-13,2024-10-13T16:30:00+00:00,segunda,Granada CF,Cordoba,1 - 0,1,609249,607547,no_auditado
2024-10-13,2024-10-13T19:00:00+00:00,segunda,Elche,Deportivo La Coruña,0 - 0,X,679031,463728,no_auditado
2024-10-14,2024-10-14T18:30:00+00:00,segunda,Sporting Gijón,Castellón,2 - 1,1,622865,4471938,no_auditado
2024-10-18,2024-10-18T18:30:00+00:00,segunda,Cordoba,FC Cartagena,2 - 1,1,607547,4478746,no_auditado
2024-10-18,2024-10-18T19:00:00+00:00,laliga,Alavés,Valladolid,2 - 3,2,462026,613504,no_auditado
2024-10-19,2024-10-19T12:00:00+00:00,laliga,Ath Bilbao,Espanol,4 - 1,1,452665,460324,no_auditado
2024-10-19,2024-10-19T14:15:00+00:00,laliga,Osasuna,Real Betis,1 - 2,2,619461,462877,no_auditado
2024-10-19,2024-10-19T14:15:00+00:00,segunda,Deportivo La Coruña,Eldense,1 - 1,X,463728,8248676,no_auditado
2024-10-19,2024-10-19T14:15:00+00:00,segunda,Malaga,Oviedo,0 - 0,X,456069,611802,no_auditado
2024-10-19,2024-10-19T16:30:00+00:00,laliga,Girona,Real Sociedad,0 - 1,2,466281,467132,no_auditado
2024-10-19,2024-10-19T16:30:00+00:00,segunda,Castellón,Levante,2 - 0,1,4471938,459473,no_auditado
2024-10-19,2024-10-19T16:30:00+00:00,segunda,Granada CF,Tenerife,4 - 0,1,609249,612653,no_auditado
2024-10-19,2024-10-19T19:00:00+00:00,laliga,Celta de Vigo,Real Madrid,1 - 2,2,458622,461175,no_auditado
2024-10-19,2024-10-19T19:00:00+00:00,segunda,Mirandes,Eibar,1 - 0,1,680733,464579,no_auditado
2024-10-20,2024-10-20T12:00:00+00:00,laliga,Mallorca,Rayo Vallecano,1 - 0,1,679882,620312,no_auditado
2024-10-20,2024-10-20T12:00:00+00:00,segunda,Cadiz,Racing Santander,0 - 1,2,616908,3970699,no_auditado
2024-10-20,2024-10-20T14:15:00+00:00,laliga,Atlético Madrid,Leganes,3 - 1,1,451814,457771,no_auditado
2024-10-20,2024-10-20T14:15:00+00:00,segunda,Racing Ferrol,Huesca,0 - 0,X,8007843,618610,no_auditado
2024-10-20,2024-10-20T16:30:00+00:00,laliga,Villarreal,Getafe,1 - 1,X,454367,465430,no_auditado
2024-10-20,2024-10-20T16:30:00+00:00,segunda,Elche,Sporting Gijón,2 - 1,1,679031,622865,no_auditado
2024-10-20,2024-10-20T16:30:00+00:00,segunda,Zaragoza,Almería,1 - 2,2,623716,616057,no_auditado
2024-10-20,2024-10-20T19:00:00+00:00,laliga,Barcelona,Sevilla FC,5 - 1,1,450963,456920,no_auditado
2024-10-21,2024-10-21T18:30:00+00:00,segunda,Albacete,Burgos,2 - 0,1,615206,8153364,no_auditado
2024-10-21,2024-10-21T19:00:00+00:00,laliga,Valencia,Las Palmas,2 - 3,2,453516,455218,no_auditado
2024-10-22,2024-10-22T17:00:00+00:00,segunda,Oviedo,Mirandes,4 - 1,1,611802,680733,no_auditado
2024-10-22,2024-10-22T19:00:00+00:00,segunda,Castellón,Granada CF,2 - 3,2,4471938,609249,no_auditado
2024-10-23,2024-10-23T17:00:00+00:00,segunda,Eibar,Cadiz,1 - 0,1,464579,616908,no_auditado
2024-10-23,2024-10-23T17:00:00+00:00,segunda,Eldense,Zaragoza,2 - 3,2,8248676,623716,no_auditado
2024-10-23,2024-10-23T19:00:00+00:00,segunda,FC Cartagena,Elche,0 - 0,X,4478746,679031,no_auditado
2024-10-23,2024-10-23T19:00:00+00:00,segunda,Racing Santander,Cordoba,2 - 0,1,3970699,607547,no_auditado
2024-10-24,2024-10-24T17:00:00+00:00,segunda,Almería,Albacete,3 - 1,1,616057,615206,no_auditado
2024-10-24,2024-10-24T17:00:00+00:00,segunda,Levante,Deportivo La Coruña,2 - 1,1,459473,463728,no_auditado
2024-10-24,2024-10-24T19:00:00+00:00,segunda,Burgos,Racing Ferrol,1 - 1,X,8153364,8007843,no_auditado
2024-10-24,2024-10-24T19:00:00+00:00,segunda,Sporting Gijón,Huesca,2 - 1,1,622865,618610,no_auditado
2024-10-24,2024-10-24T19:00:00+00:00,segunda,Tenerife,Malaga,0 - 0,X,612653,456069,no_auditado
2024-10-25,2024-10-25T19:00:00+00:00,laliga,Espanol,Sevilla FC,0 - 2,2,460324,456920,no_auditado
2024-10-26,2024-10-26T12:00:00+00:00,laliga,Valladolid,Villarreal,1 - 2,2,613504,454367,no_auditado
2024-10-26,2024-10-26T14:15:00+00:00,laliga,Rayo Vallecano,Alavés,1 - 0,1,620312,462026,no_auditado
2024-10-26,2024-10-26T14:15:00+00:00,segunda,Cadiz,Oviedo,2 - 0,1,616908,611802,no_auditado
2024-10-26,2024-10-26T14:15:00+00:00,segunda,Mirandes,FC Cartagena,3 - 1,1,680733,4478746,no_auditado
2024-10-26,2024-10-26T16:30:00+00:00,laliga,Las Palmas,Girona,1 - 0,1,455218,466281,no_auditado
2024-10-26,2024-10-26T16:30:00+00:00,segunda,Cordoba,Eldense,2 - 0,1,607547,8248676,no_auditado
2024-10-26,2024-10-26T16:30:00+00:00,segunda,Zaragoza,Castellón,1 - 2,2,623716,4471938,no_auditado
2024-10-26,2024-10-26T19:00:00+00:00,laliga,Real Madrid,Barcelona,0 - 4,2,461175,450963,no_auditado
2024-10-27,2024-10-27T12:00:00+00:00,laliga,Leganes,Celta de Vigo,3 - 0,1,457771,458622,no_auditado
2024-10-27,2024-10-27T13:00:00+00:00,segunda,Malaga,Eibar,1 - 0,1,456069,464579,no_auditado
2024-10-27,2024-10-27T14:15:00+00:00,laliga,Getafe,Valencia,1 - 1,X,465430,453516,no_auditado
2024-10-27,2024-10-27T15:15:00+00:00,segunda,Deportivo La Coruña,Racing Santander,1 - 2,2,463728,3970699,no_auditado
2024-10-27,2024-10-27T15:15:00+00:00,segunda,Elche,Burgos,1 - 0,1,679031,8153364,no_auditado
2024-10-27,2024-10-27T16:30:00+00:00,laliga,Real Betis,Atlético Madrid,1 - 0,1,462877,451814,no_auditado
2024-10-27,2024-10-27T17:30:00+00:00,segunda,Albacete,Sporting Gijón,3 - 3,X,615206,622865,no_auditado
2024-10-27,2024-10-27T17:30:00+00:00,segunda,Huesca,Almería,2 - 2,X,618610,616057,no_auditado
2024-10-27,2024-10-27T20:00:00+00:00,laliga,Real Sociedad,Osasuna,0 - 2,2,467132,619461,no_auditado
2024-10-27,2024-10-27T20:00:00+00:00,segunda,Granada CF,Levante,1 - 2,2,609249,459473,no_auditado
2024-10-28,2024-10-28T19:30:00+00:00,segunda,Racing Ferrol,Tenerife,1 - 1,X,8007843,612653,no_auditado
2024-10-28,2024-10-28T20:00:00+00:00,laliga,Mallorca,Ath Bilbao,0 - 0,X,679882,452665,no_auditado
2024-11-01,2024-11-01T20:00:00+00:00,laliga,Alavés,Mallorca,1 - 0,1,462026,679882,no_auditado
2024-11-02,2024-11-02T13:00:00+00:00,laliga,Osasuna,Valladolid,1 - 0,1,619461,613504,no_auditado
2024-11-02,2024-11-02T13:00:00+00:00,segunda,Eibar,Elche,0 - 2,2,464579,679031,no_auditado
2024-11-02,2024-11-02T15:15:00+00:00,laliga,Girona,Leganes,4 - 3,1,466281,457771,no_auditado
2024-11-02,2024-11-02T15:15:00+00:00,segunda,FC Cartagena,Deportivo La Coruña,1 - 5,2,4478746,463728,no_auditado
2024-11-02,2024-11-02T15:15:00+00:00,segunda,Sporting Gijón,Cadiz,2 - 0,1,622865,616908,no_auditado
2024-11-02,2024-11-02T17:30:00+00:00,segunda,Racing Santander,Albacete,1 - 1,X,3970699,615206,no_auditado
2024-11-02,2024-11-02T17:30:00+00:00,segunda,Zaragoza,Granada CF,2 - 1,1,623716,609249,no_auditado
2024-11-03,2024-11-03T13:00:00+00:00,laliga,Atlético Madrid,Las Palmas,2 - 0,1,451814,455218,no_auditado
2024-11-03,2024-11-03T13:00:00+00:00,segunda,Oviedo,Burgos,3 - 1,1,611802,8153364,no_auditado
2024-11-03,2024-11-03T15:15:00+00:00,laliga,Barcelona,Espanol,3 - 1,1,450963,460324,no_auditado
2024-11-03,2024-11-03T17:30:00+00:00,laliga,Sevilla FC,Real Sociedad,0 - 2,2,456920,467132,no_auditado
2024-11-03,2024-11-03T17:30:00+00:00,segunda,Tenerife,Mirandes,1 - 0,1,612653,680733,no_auditado
2024-11-03,2024-11-03T20:00:00+00:00,laliga,Ath Bilbao,Real Betis,1 - 1,X,452665,462877,no_auditado
2024-11-04,2024-11-04T20:00:00+00:00,laliga,Celta de Vigo,Getafe,1 - 0,1,458622,465430,no_auditado
2024-11-08,2024-11-08T19:30:00+00:00,segunda,Elche,Almería,1 - 2,2,679031,616057,no_auditado
2024-11-08,2024-11-08T20:00:00+00:00,laliga,Rayo Vallecano,Las Palmas,1 - 3,2,620312,455218,no_auditado
2024-11-09,2024-11-09T13:00:00+00:00,laliga,Real Madrid,Osasuna,4 - 0,1,461175,619461,no_auditado
2024-11-09,2024-11-09T15:15:00+00:00,laliga,Villarreal,Alavés,3 - 0,1,454367,462026,no_auditado
2024-11-09,2024-11-09T15:15:00+00:00,segunda,Mirandes,Cadiz,2 - 2,X,680733,616908,no_auditado
2024-11-09,2024-11-09T17:30:00+00:00,segunda,Granada CF,Eldense,3 - 2,1,609249,8248676,no_auditado
2024-11-09,2024-11-09T17:30:00+00:00,segunda,Huesca,Zaragoza,1 - 1,X,618610,623716,no_auditado
2024-11-09,2024-11-09T20:00:00+00:00,laliga,Leganes,Sevilla FC,1 - 0,1,457771,456920,no_auditado
2024-11-09,2024-11-09T20:00:00+00:00,segunda,Malaga,FC Cartagena,1 - 0,1,456069,4478746,no_auditado
2024-11-10,2024-11-10T13:00:00+00:00,laliga,Real Betis,Celta de Vigo,2 - 2,X,462877,458622,no_auditado
2024-11-10,2024-11-10T13:00:00+00:00,segunda,Cordoba,Castellón,2 - 2,X,607547,4471938,no_auditado
2024-11-10,2024-11-10T15:15:00+00:00,laliga,Mallorca,Atlético Madrid,0 - 1,2,679882,451814,no_auditado
2024-11-10,2024-11-10T15:15:00+00:00,segunda,Burgos,Sporting Gijón,0 - 2,2,8153364,622865,no_auditado
2024-11-10,2024-11-10T15:15:00+00:00,segunda,Racing Ferrol,Racing Santander,1 - 2,2,8007843,3970699,no_auditado
2024-11-10,2024-11-10T17:30:00+00:00,laliga,Getafe,Girona,0 - 1,2,465430,466281,no_auditado
2024-11-10,2024-11-10T17:30:00+00:00,laliga,Valladolid,Ath Bilbao,1 - 1,X,613504,452665,no_auditado
2024-11-10,2024-11-10T17:30:00+00:00,segunda,Albacete,Oviedo,2 - 2,X,615206,611802,no_auditado
2024-11-10,2024-11-10T20:00:00+00:00,laliga,Real Sociedad,Barcelona,1 - 0,1,467132,450963,no_auditado
2024-11-11,2024-11-11T19:30:00+00:00,segunda,Deportivo La Coruña,Eibar,1 - 0,1,463728,464579,no_auditado
2024-11-16,2024-11-16T13:00:00+00:00,segunda,Eibar,Racing Ferrol,2 - 0,1,464579,8007843,no_auditado
2024-11-16,2024-11-16T15:15:00+00:00,segunda,Castellón,Mirandes,1 - 3,2,4471938,680733,no_auditado
2024-11-16,2024-11-16T15:15:00+00:00,segunda,Eldense,Albacete,2 - 0,1,8248676,615206,no_auditado
2024-11-16,2024-11-16T17:30:00+00:00,segunda,Levante,Elche,1 - 1,X,459473,679031,no_auditado
2024-11-16,2024-11-16T17:30:00+00:00,segunda,Racing Santander,Burgos,2 - 0,1,3970699,8153364,no_auditado
2024-11-16,2024-11-16T20:00:00+00:00,segunda,Sporting Gijón,Granada CF,1 - 2,2,622865,609249,no_auditado
2024-11-17,2024-11-17T15:15:00+00:00,segunda,Cadiz,Cordoba,2 - 0,1,616908,607547,no_auditado
2024-11-17,2024-11-17T15:15:00+00:00,segunda,Oviedo,Tenerife,3 - 1,1,611802,612653,no_auditado
2024-11-17,2024-11-17T17:30:00+00:00,segunda,Almería,Deportivo La Coruña,2 - 1,1,616057,463728,no_auditado
2024-11-17,2024-11-17T17:30:00+00:00,segunda,FC Cartagena,Huesca,1 - 0,1,4478746,618610,no_auditado
2024-11-17,2024-11-17T20:00:00+00:00,segunda,Zaragoza,Malaga,0 - 0,X,623716,456069,no_auditado
2024-11-20,2024-11-20T19:00:00+00:00,segunda,Eldense,Huesca,2 - 1,1,8248676,618610,no_auditado
2024-11-22,2024-11-22T19:30:00+00:00,segunda,Racing Ferrol,Levante,0 - 0,X,8007843,459473,no_auditado
2024-11-22,2024-11-22T20:00:00+00:00,laliga,Getafe,Valladolid,2 - 0,1,465430,613504,no_auditado
2024-11-23,2024-11-23T13:00:00+00:00,laliga,Valencia,Real Betis,4 - 2,1,453516,462877,no_auditado
2024-11-23,2024-11-23T13:00:00+00:00,segunda,FC Cartagena,Almería,1 - 2,2,4478746,616057,no_auditado
2024-11-23,2024-11-23T15:15:00+00:00,laliga,Atlético Madrid,Alavés,2 - 1,1,451814,462026,no_auditado
2024-11-23,2024-11-23T15:15:00+00:00,segunda,Granada CF,Cadiz,0 - 0,X,609249,616908,no_auditado
2024-11-23,2024-11-23T17:30:00+00:00,laliga,Girona,Espanol,4 - 1,1,466281,460324,no_auditado
2024-11-23,2024-11-23T17:30:00+00:00,laliga,Las Palmas,Mallorca,2 - 3,2,455218,679882,no_auditado
2024-11-23,2024-11-23T17:30:00+00:00,segunda,Burgos,Eibar,1 - 0,1,8153364,464579,no_auditado
2024-11-23,2024-11-23T17:30:00+00:00,segunda,Cordoba,Zaragoza,2 - 2,X,607547,623716,no_auditado
2024-11-23,2024-11-23T20:00:00+00:00,laliga,Celta de Vigo,Barcelona,2 - 2,X,458622,450963,no_auditado
2024-11-23,2024-11-23T20:00:00+00:00,segunda,Malaga,Racing Santander,0 - 0,X,456069,3970699,no_auditado
2024-11-24,2024-11-24T13:00:00+00:00,laliga,Osasuna,Villarreal,2 - 2,X,619461,454367,no_auditado
2024-11-24,2024-11-24T13:00:00+00:00,segunda,Albacete,Tenerife,2 - 1,1,615206,612653,no_auditado
2024-11-24,2024-11-24T15:15:00+00:00,laliga,Sevilla FC,Rayo Vallecano,1 - 0,1,456920,620312,no_auditado
2024-11-24,2024-11-24T15:15:00+00:00,segunda,Deportivo La Coruña,Sporting Gijón,1 - 1,X,463728,622865,no_auditado
2024-11-24,2024-11-24T15:15:00+00:00,segunda,Mirandes,Eldense,1 - 0,1,680733,8248676,no_auditado
2024-11-24,2024-11-24T17:30:00+00:00,laliga,Leganes,Real Madrid,0 - 3,2,457771,461175,no_auditado
2024-11-24,2024-11-24T17:30:00+00:00,segunda,Huesca,Castellón,1 - 1,X,618610,4471938,no_auditado
2024-11-24,2024-11-24T20:00:00+00:00,laliga,Ath Bilbao,Real Sociedad,1 - 0,1,452665,467132,no_auditado
2024-11-24,2024-11-24T20:00:00+00:00,segunda,Elche,Oviedo,4 - 0,1,679031,611802,no_auditado
2024-11-26,2024-11-26T19:30:00+00:00,segunda,Almería,Cordoba,4 - 0,1,616057,607547,no_auditado
2024-11-27,2024-11-27T18:00:00+00:00,segunda,Castellón,Racing Ferrol,0 - 0,X,4471938,8007843,no_auditado
2024-11-27,2024-11-27T18:00:00+00:00,segunda,Levante,Malaga,4 - 2,1,459473,456069,no_auditado
2024-11-29,2024-11-29T19:30:00+00:00,segunda,Oviedo,Huesca,0 - 3,2,611802,618610,no_auditado
2024-11-29,2024-11-29T20:00:00+00:00,laliga,Mallorca,Valencia,2 - 1,1,679882,453516,no_auditado
2024-11-30,2024-11-30T13:00:00+00:00,laliga,Barcelona,Las Palmas,1 - 2,2,450963,455218,no_auditado
2024-11-30,2024-11-30T15:15:00+00:00,laliga,Alavés,Leganes,1 - 1,X,462026,457771,no_auditado
2024-11-30,2024-11-30T15:15:00+00:00,segunda,Almería,Granada CF,2 - 1,1,616057,609249,no_auditado
2024-11-30,2024-11-30T15:15:00+00:00,segunda,Zaragoza,Albacete,0 - 1,2,623716,615206,no_auditado
2024-11-30,2024-11-30T17:30:00+00:00,laliga,Espanol,Celta de Vigo,3 - 1,1,460324,458622,no_auditado
2024-11-30,2024-11-30T17:30:00+00:00,segunda,Cadiz,Deportivo La Coruña,2 - 4,2,616908,463728,no_auditado
2024-11-30,2024-11-30T17:30:00+00:00,segunda,Racing Santander,Mirandes,0 - 1,2,3970699,680733,no_auditado
2024-11-30,2024-11-30T20:00:00+00:00,laliga,Valladolid,Atlético Madrid,0 - 5,2,613504,451814,no_auditado
2024-11-30,2024-11-30T20:00:00+00:00,segunda,Tenerife,Elche,1 - 1,X,612653,679031,no_auditado
2024-12-01,2024-12-01T13:00:00+00:00,laliga,Villarreal,Girona,2 - 2,X,454367,466281,no_auditado
2024-12-01,2024-12-01T13:00:00+00:00,segunda,Castellón,Malaga,2 - 0,1,4471938,456069,no_auditado
2024-12-01,2024-12-01T15:15:00+00:00,laliga,Real Madrid,Getafe,2 - 0,1,461175,465430,no_auditado
2024-12-01,2024-12-01T17:30:00+00:00,laliga,Rayo Vallecano,Ath Bilbao,1 - 2,2,620312,452665,no_auditado
2024-12-01,2024-12-01T17:30:00+00:00,segunda,Eldense,Racing Ferrol,0 - 0,X,8248676,8007843,no_auditado
2024-12-01,2024-12-01T17:30:00+00:00,segunda,Levante,Burgos,3 - 1,1,459473,8153364,no_auditado
2024-12-01,2024-12-01T20:00:00+00:00,laliga,Real Sociedad,Real Betis,2 - 0,1,467132,462877,no_auditado
2024-12-01,2024-12-01T20:00:00+00:00,segunda,Sporting Gijón,Cordoba,2 - 0,1,622865,607547,no_auditado
2024-12-02,2024-12-02T19:30:00+00:00,segunda,Eibar,FC Cartagena,1 - 0,1,464579,4478746,no_auditado
2024-12-02,2024-12-02T20:00:00+00:00,laliga,Sevilla FC,Osasuna,1 - 1,X,456920,619461,no_auditado
2024-12-03,2024-12-03T18:00:00+00:00,laliga,Mallorca,Barcelona,1 - 5,2,679882,450963,no_auditado
2024-12-04,2024-12-04T20:00:00+00:00,laliga,Ath Bilbao,Real Madrid,2 - 1,1,452665,461175,no_auditado
2024-12-06,2024-12-06T19:30:00+00:00,segunda,Mirandes,Levante,2 - 1,1,680733,459473,no_auditado
2024-12-06,2024-12-06T20:00:00+00:00,laliga,Celta de Vigo,Mallorca,2 - 0,1,458622,679882,no_auditado
2024-12-07,2024-12-07T13:00:00+00:00,laliga,Las Palmas,Valladolid,2 - 1,1,455218,613504,no_auditado
2024-12-07,2024-12-07T13:00:00+00:00,segunda,Elche,Cadiz,2 - 1,1,679031,616908,no_auditado
2024-12-07,2024-12-07T15:15:00+00:00,laliga,Real Betis,Barcelona,2 - 2,X,462877,450963,no_auditado
2024-12-07,2024-12-07T15:15:00+00:00,segunda,Granada CF,Racing Santander,3 - 0,1,609249,3970699,no_auditado
2024-12-07,2024-12-07T17:30:00+00:00,laliga,Valencia,Rayo Vallecano,0 - 1,2,453516,620312,no_auditado
2024-12-07,2024-12-07T17:30:00+00:00,segunda,Deportivo La Coruña,Zaragoza,1 - 1,X,463728,623716,no_auditado
2024-12-07,2024-12-07T20:00:00+00:00,laliga,Girona,Real Madrid,0 - 3,2,466281,461175,no_auditado
2024-12-07,2024-12-07T20:00:00+00:00,segunda,Huesca,Eibar,2 - 1,1,618610,464579,no_auditado
2024-12-08,2024-12-08T13:00:00+00:00,laliga,Leganes,Real Sociedad,0 - 3,2,457771,467132,no_auditado
2024-12-08,2024-12-08T13:00:00+00:00,segunda,Racing Ferrol,Oviedo,1 - 5,2,8007843,611802,no_auditado
2024-12-08,2024-12-08T15:15:00+00:00,laliga,Ath Bilbao,Villarreal,2 - 0,1,452665,454367,no_auditado
2024-12-08,2024-12-08T15:15:00+00:00,segunda,Malaga,Almería,1 - 1,X,456069,616057,no_auditado
2024-12-08,2024-12-08T17:30:00+00:00,laliga,Osasuna,Alavés,2 - 2,X,619461,462026,no_auditado
2024-12-08,2024-12-08T17:30:00+00:00,segunda,Albacete,Castellón,0 - 0,X,615206,4471938,no_auditado
2024-12-08,2024-12-08T17:30:00+00:00,segunda,Burgos,Eldense,1 - 0,1,8153364,8248676,no_auditado
2024-12-08,2024-12-08T20:00:00+00:00,laliga,Atlético Madrid,Sevilla FC,4 - 3,1,451814,456920,no_auditado
2024-12-08,2024-12-08T20:00:00+00:00,segunda,Cordoba,Tenerife,3 - 0,1,607547,612653,no_auditado
2024-12-09,2024-12-09T19:30:00+00:00,segunda,FC Cartagena,Sporting Gijón,1 - 0,1,4478746,622865,no_auditado
2024-12-09,2024-12-09T20:00:00+00:00,laliga,Getafe,Espanol,1 - 0,1,465430,460324,no_auditado
2024-12-13,2024-12-13T19:30:00+00:00,segunda,Almería,Mirandes,1 - 0,1,616057,680733,no_auditado
2024-12-13,2024-12-13T20:00:00+00:00,laliga,Valladolid,Valencia,1 - 0,1,613504,453516,no_auditado
2024-12-14,2024-12-14T13:00:00+00:00,laliga,Espanol,Osasuna,0 - 0,X,460324,619461,no_auditado
2024-12-14,2024-12-14T13:00:00+00:00,segunda,Levante,Cordoba,2 - 2,X,459473,607547,no_auditado
2024-12-14,2024-12-14T15:15:00+00:00,laliga,Mallorca,Girona,2 - 1,1,679882,466281,no_auditado
2024-12-14,2024-12-14T15:15:00+00:00,segunda,Cadiz,Albacete,1 - 0,1,616908,615206,no_auditado
2024-12-14,2024-12-14T15:15:00+00:00,segunda,Castellón,FC Cartagena,4 - 1,1,4471938,4478746,no_auditado
2024-12-14,2024-12-14T17:30:00+00:00,laliga,Sevilla FC,Celta de Vigo,1 - 0,1,456920,458622,no_auditado
2024-12-14,2024-12-14T17:30:00+00:00,segunda,Eibar,Zaragoza,2 - 1,1,464579,623716,no_auditado
2024-12-14,2024-12-14T17:30:00+00:00,segunda,Eldense,Elche,0 - 0,X,8248676,679031,no_auditado
2024-12-14,2024-12-14T20:00:00+00:00,laliga,Rayo Vallecano,Real Madrid,3 - 3,X,620312,461175,no_auditado
2024-12-14,2024-12-14T20:00:00+00:00,segunda,Oviedo,Granada CF,2 - 0,1,611802,609249,no_auditado
2024-12-15,2024-12-15T13:00:00+00:00,laliga,Atlético Madrid,Getafe,1 - 0,1,451814,465430,no_auditado
2024-12-15,2024-12-15T13:00:00+00:00,segunda,Sporting Gijón,Racing Ferrol,1 - 3,2,622865,8007843,no_auditado
2024-12-15,2024-12-15T15:15:00+00:00,laliga,Alavés,Ath Bilbao,1 - 1,X,462026,452665,no_auditado
2024-12-15,2024-12-15T15:15:00+00:00,segunda,Burgos,Malaga,0 - 0,X,8153364,456069,no_auditado
2024-12-15,2024-12-15T17:30:00+00:00,laliga,Real Sociedad,Las Palmas,0 - 0,X,467132,455218,no_auditado
2024-12-15,2024-12-15T17:30:00+00:00,laliga,Villarreal,Real Betis,1 - 2,2,454367,462877,no_auditado
2024-12-15,2024-12-15T17:30:00+00:00,segunda,Racing Santander,Huesca,0 - 1,2,3970699,618610,no_auditado
2024-12-15,2024-12-15T20:00:00+00:00,laliga,Barcelona,Leganes,0 - 1,2,450963,457771,no_auditado
2024-12-17,2024-12-17T18:00:00+00:00,segunda,Albacete,Levante,0 - 0,X,615206,459473,no_auditado
2024-12-17,2024-12-17T18:00:00+00:00,segunda,Granada CF,FC Cartagena,4 - 1,1,609249,4478746,no_auditado
2024-12-17,2024-12-17T20:15:00+00:00,segunda,Cordoba,Eibar,2 - 1,1,607547,464579,no_auditado
2024-12-17,2024-12-17T20:15:00+00:00,segunda,Zaragoza,Oviedo,2 - 3,2,623716,611802,no_auditado
2024-12-18,2024-12-18T18:00:00+00:00,segunda,Racing Ferrol,Almería,1 - 4,2,8007843,616057,no_auditado
2024-12-18,2024-12-18T20:15:00+00:00,segunda,Malaga,Eldense,3 - 0,1,456069,8248676,no_auditado
2024-12-18,2024-12-18T20:15:00+00:00,segunda,Mirandes,Sporting Gijón,1 - 1,X,680733,622865,no_auditado
2024-12-18,2024-12-18T20:30:00+00:00,laliga,Espanol,Valencia,1 - 1,X,460324,453516,no_auditado
2024-12-18,2024-12-18T20:30:00+00:00,laliga,Villarreal,Rayo Vallecano,1 - 1,X,454367,620312,no_auditado
2024-12-19,2024-12-19T18:00:00+00:00,segunda,Cadiz,Burgos,1 - 1,X,616908,8153364,no_auditado
2024-12-19,2024-12-19T18:00:00+00:00,segunda,Elche,Racing Santander,3 - 0,1,679031,3970699,no_auditado
2024-12-19,2024-12-19T20:15:00+00:00,segunda,Deportivo La Coruña,Castellón,5 - 1,1,463728,4471938,no_auditado
2024-12-19,2024-12-19T20:15:00+00:00,segunda,Huesca,Tenerife,1 - 0,1,618610,612653,no_auditado
2024-12-20,2024-12-20T19:30:00+00:00,segunda,FC Cartagena,Albacete,0 - 0,X,4478746,615206,no_auditado
2024-12-20,2024-12-20T20:00:00+00:00,laliga,Girona,Valladolid,3 - 0,1,466281,613504,no_auditado
2024-12-21,2024-12-21T13:00:00+00:00,laliga,Getafe,Mallorca,0 - 1,2,465430,679882,no_auditado
2024-12-21,2024-12-21T13:00:00+00:00,segunda,Eibar,Granada CF,1 - 1,X,464579,609249,no_auditado
2024-12-21,2024-12-21T15:15:00+00:00,laliga,Celta de Vigo,Real Sociedad,2 - 0,1,458622,467132,no_auditado
2024-12-21,2024-12-21T15:15:00+00:00,segunda,Oviedo,Cordoba,2 - 3,2,611802,607547,no_auditado
2024-12-21,2024-12-21T17:30:00+00:00,laliga,Osasuna,Ath Bilbao,1 - 2,2,619461,452665,no_auditado
2024-12-21,2024-12-21T17:30:00+00:00,segunda,Sporting Gijón,Malaga,1 - 3,2,622865,456069,no_auditado
2024-12-21,2024-12-21T17:30:00+00:00,segunda,Zaragoza,Racing Ferrol,1 - 0,1,623716,8007843,no_auditado
2024-12-21,2024-12-21T20:00:00+00:00,laliga,Barcelona,Atlético Madrid,1 - 2,2,450963,451814,no_auditado
2024-12-22,2024-12-22T13:00:00+00:00,laliga,Valencia,Alavés,2 - 2,X,453516,462026,no_auditado
2024-12-22,2024-12-22T13:00:00+00:00,segunda,Burgos,Tenerife,1 - 0,1,8153364,612653,no_auditado
2024-12-22,2024-12-22T15:15:00+00:00,laliga,Real Madrid,Sevilla FC,4 - 2,1,461175,456920,no_auditado
2024-12-22,2024-12-22T15:15:00+00:00,segunda,Castellón,Elche,0 - 2,2,4471938,679031,no_auditado
2024-12-22,2024-12-22T17:30:00+00:00,laliga,Las Palmas,Espanol,1 - 0,1,455218,460324,no_auditado
2024-12-22,2024-12-22T17:30:00+00:00,laliga,Leganes,Villarreal,2 - 5,2,457771,454367,no_auditado
2024-12-22,2024-12-22T17:30:00+00:00,segunda,Almería,Cadiz,1 - 1,X,616057,616908,no_auditado
2024-12-22,2024-12-22T17:30:00+00:00,segunda,Racing Santander,Eldense,2 - 2,X,3970699,8248676,no_auditado
2024-12-22,2024-12-22T20:00:00+00:00,laliga,Real Betis,Rayo Vallecano,1 - 1,X,462877,620312,no_auditado
2024-12-22,2024-12-22T20:00:00+00:00,segunda,Deportivo La Coruña,Mirandes,0 - 4,2,463728,680733,no_auditado
2024-12-22,2024-12-22T20:00:00+00:00,segunda,Levante,Huesca,1 - 1,X,459473,618610,no_auditado
2025-01-03,2025-01-03T20:00:00+00:00,laliga,Valencia,Real Madrid,1 - 2,2,453516,461175,no_auditado
2025-01-07,2025-01-07T20:30:00+00:00,segunda,Tenerife,Levante,0 - 3,2,612653,459473,no_auditado
2025-01-10,2025-01-10T19:30:00+00:00,segunda,Granada CF,Burgos,0 - 0,X,609249,8153364,no_auditado
2025-01-10,2025-01-10T20:00:00+00:00,laliga,Rayo Vallecano,Celta de Vigo,2 - 1,1,620312,458622,no_auditado
2025-01-11,2025-01-11T13:00:00+00:00,laliga,Alavés,Girona,0 - 1,2,462026,466281,no_auditado
2025-01-11,2025-01-11T13:00:00+00:00,segunda,Racing Ferrol,FC Cartagena,0 - 0,X,8007843,4478746,no_auditado
2025-01-11,2025-01-11T15:15:00+00:00,laliga,Valladolid,Real Betis,1 - 0,1,613504,462877,no_auditado
2025-01-11,2025-01-11T15:15:00+00:00,segunda,Albacete,Racing Santander,2 - 2,X,615206,3970699,no_auditado
2025-01-11,2025-01-11T15:15:00+00:00,segunda,Huesca,Mirandes,1 - 0,1,618610,680733,no_auditado
2025-01-11,2025-01-11T17:30:00+00:00,laliga,Espanol,Leganes,1 - 1,X,460324,457771,no_auditado
2025-01-11,2025-01-11T17:30:00+00:00,segunda,Malaga,Deportivo La Coruña,1 - 1,X,456069,463728,no_auditado
2025-01-11,2025-01-11T17:30:00+00:00,segunda,Tenerife,Castellón,2 - 0,1,612653,4471938,no_auditado
2025-01-11,2025-01-11T20:00:00+00:00,laliga,Sevilla FC,Valencia,1 - 1,X,456920,453516,no_auditado
2025-01-11,2025-01-11T20:00:00+00:00,segunda,Oviedo,Sporting Gijón,1 - 1,X,611802,622865,no_auditado
2025-01-12,2025-01-12T13:00:00+00:00,laliga,Las Palmas,Getafe,1 - 2,2,455218,465430,no_auditado
2025-01-12,2025-01-12T13:00:00+00:00,segunda,Cordoba,Almería,0 - 3,2,607547,616057,no_auditado
2025-01-12,2025-01-12T15:15:00+00:00,laliga,Atlético Madrid,Osasuna,1 - 0,1,451814,619461,no_auditado
2025-01-12,2025-01-12T15:15:00+00:00,segunda,Cadiz,Levante,0 - 0,X,616908,459473,no_auditado
2025-01-12,2025-01-12T15:15:00+00:00,segunda,Elche,Zaragoza,1 - 0,1,679031,623716,no_auditado
2025-01-13,2025-01-13T19:30:00+00:00,segunda,Eldense,Eibar,1 - 3,2,8248676,464579,no_auditado
2025-01-13,2025-01-13T20:00:00+00:00,laliga,Real Sociedad,Villarreal,1 - 0,1,467132,454367,no_auditado
2025-01-17,2025-01-17T19:30:00+00:00,segunda,FC Cartagena,Oviedo,0 - 1,2,4478746,611802,no_auditado
2025-01-17,2025-01-17T20:00:00+00:00,laliga,Espanol,Valladolid,2 - 1,1,460324,613504,no_auditado
2025-01-18,2025-01-18T13:00:00+00:00,laliga,Girona,Sevilla FC,1 - 2,2,466281,456920,no_auditado
2025-01-18,2025-01-18T15:15:00+00:00,laliga,Leganes,Atlético Madrid,1 - 0,1,457771,451814,no_auditado
2025-01-18,2025-01-18T15:15:00+00:00,segunda,Eldense,Cadiz,1 - 4,2,8248676,616908,no_auditado
2025-01-18,2025-01-18T17:30:00+00:00,laliga,Real Betis,Alavés,1 - 3,2,462877,462026,no_auditado
2025-01-18,2025-01-18T17:30:00+00:00,segunda,Eibar,Albacete,1 - 1,X,464579,615206,no_auditado
2025-01-18,2025-01-18T17:30:00+00:00,segunda,Sporting Gijón,Elche,1 - 1,X,622865,679031,no_auditado
2025-01-18,2025-01-18T20:00:00+00:00,laliga,Getafe,Barcelona,1 - 1,X,465430,450963,no_auditado
2025-01-18,2025-01-18T20:00:00+00:00,segunda,Levante,Granada CF,3 - 1,1,459473,609249,no_auditado
2025-01-19,2025-01-19T13:00:00+00:00,laliga,Celta de Vigo,Ath Bilbao,1 - 2,2,458622,452665,no_auditado
2025-01-19,2025-01-19T13:00:00+00:00,segunda,Burgos,Deportivo La Coruña,0 - 1,2,8153364,463728,no_auditado
2025-01-19,2025-01-19T15:15:00+00:00,laliga,Real Madrid,Las Palmas,4 - 1,1,461175,455218,no_auditado
2025-01-19,2025-01-19T15:15:00+00:00,segunda,Racing Santander,Racing Ferrol,6 - 0,1,3970699,8007843,no_auditado
2025-01-19,2025-01-19T17:30:00+00:00,laliga,Osasuna,Rayo Vallecano,1 - 1,X,619461,620312,no_auditado
2025-01-19,2025-01-19T17:30:00+00:00,segunda,Castellón,Cordoba,1 - 2,2,4471938,607547,no_auditado
2025-01-19,2025-01-19T17:30:00+00:00,segunda,Zaragoza,Tenerife,2 - 2,X,623716,612653,no_auditado
2025-01-19,2025-01-19T20:00:00+00:00,laliga,Valencia,Real Sociedad,1 - 0,1,453516,467132,no_auditado
2025-01-19,2025-01-19T20:00:00+00:00,segunda,Almería,Huesca,0 - 0,X,616057,618610,no_auditado
2025-01-20,2025-01-20T19:30:00+00:00,segunda,Mirandes,Malaga,3 - 2,1,680733,456069,no_auditado
2025-01-20,2025-01-20T20:00:00+00:00,laliga,Villarreal,Mallorca,4 - 0,1,454367,679882,no_auditado
2025-01-24,2025-01-24T19:30:00+00:00,segunda,Elche,Eibar,2 - 0,1,679031,464579,no_auditado
2025-01-24,2025-01-24T20:00:00+00:00,laliga,Las Palmas,Osasuna,1 - 1,X,455218,619461,no_auditado
2025-01-25,2025-01-25T13:00:00+00:00,laliga,Mallorca,Real Betis,0 - 1,2,679882,462877,no_auditado
2025-01-25,2025-01-25T15:15:00+00:00,laliga,Atlético Madrid,Villarreal,1 - 1,X,451814,454367,no_auditado
2025-01-25,2025-01-25T15:15:00+00:00,segunda,Cordoba,Racing Santander,1 - 2,2,607547,3970699,no_auditado
2025-01-25,2025-01-25T17:30:00+00:00,laliga,Sevilla FC,Espanol,1 - 1,X,456920,460324,no_auditado
2025-01-25,2025-01-25T17:30:00+00:00,segunda,Deportivo La Coruña,Levante,1 - 2,2,463728,459473,no_auditado
2025-01-25,2025-01-25T17:30:00+00:00,segunda,Huesca,FC Cartagena,4 - 0,1,618610,4478746,no_auditado
2025-01-25,2025-01-25T20:00:00+00:00,laliga,Valladolid,Real Madrid,0 - 3,2,613504,461175,no_auditado
2025-01-25,2025-01-25T20:00:00+00:00,segunda,Tenerife,Eldense,0 - 1,2,612653,8248676,no_auditado
2025-01-26,2025-01-26T13:00:00+00:00,laliga,Rayo Vallecano,Girona,2 - 1,1,620312,466281,no_auditado
2025-01-26,2025-01-26T13:00:00+00:00,segunda,Granada CF,Sporting Gijón,3 - 1,1,609249,622865,no_auditado
2025-01-26,2025-01-26T15:15:00+00:00,laliga,Real Sociedad,Getafe,0 - 3,2,467132,465430,no_auditado
2025-01-26,2025-01-26T15:15:00+00:00,segunda,Albacete,Almería,2 - 1,1,615206,616057,no_auditado
2025-01-26,2025-01-26T15:15:00+00:00,segunda,Oviedo,Castellón,1 - 0,1,611802,4471938,no_auditado
2025-01-26,2025-01-26T17:30:00+00:00,laliga,Ath Bilbao,Leganes,0 - 0,X,452665,457771,no_auditado
2025-01-26,2025-01-26T17:30:00+00:00,segunda,Malaga,Zaragoza,1 - 2,2,456069,623716,no_auditado
2025-01-26,2025-01-26T20:00:00+00:00,laliga,Barcelona,Valencia,7 - 1,1,450963,453516,no_auditado
2025-01-27,2025-01-27T19:30:00+00:00,segunda,Cadiz,Mirandes,3 - 1,1,616908,680733,no_auditado
2025-01-27,2025-01-27T20:00:00+00:00,laliga,Alavés,Celta de Vigo,1 - 1,X,462026,458622,no_auditado
2025-01-29,2025-01-29T20:00:00+00:00,segunda,Tenerife,Deportivo La Coruña,0 - 0,X,612653,463728,no_auditado
2025-01-31,2025-01-31T19:30:00+00:00,segunda,Eldense,Granada CF,0 - 3,2,8248676,609249,no_auditado
2025-01-31,2025-01-31T20:00:00+00:00,laliga,Leganes,Rayo Vallecano,0 - 1,2,457771,620312,no_auditado
2025-02-01,2025-02-01T13:00:00+00:00,laliga,Getafe,Sevilla FC,0 - 0,X,465430,456920,no_auditado
2025-02-01,2025-02-01T13:00:00+00:00,segunda,Mirandes,Elche,3 - 0,1,680733,679031,no_auditado
2025-02-01,2025-02-01T15:15:00+00:00,laliga,Villarreal,Valladolid,5 - 1,1,454367,613504,no_auditado
2025-02-01,2025-02-01T15:15:00+00:00,segunda,Sporting Gijón,Burgos,2 - 0,1,622865,8153364,no_auditado
2025-02-01,2025-02-01T17:30:00+00:00,laliga,Atlético Madrid,Mallorca,2 - 0,1,451814,679882,no_auditado
2025-02-01,2025-02-01T17:30:00+00:00,segunda,Almería,Oviedo,1 - 1,X,616057,611802,no_auditado
2025-02-01,2025-02-01T20:00:00+00:00,laliga,Espanol,Real Madrid,1 - 0,1,460324,461175,no_auditado
2025-02-01,2025-02-01T20:00:00+00:00,segunda,Racing Santander,Malaga,2 - 1,1,3970699,456069,no_auditado
2025-02-02,2025-02-02T13:00:00+00:00,laliga,Barcelona,Alavés,1 - 0,1,450963,462026,no_auditado
2025-02-02,2025-02-02T13:00:00+00:00,segunda,Castellón,Huesca,0 - 1,2,4471938,618610,no_auditado
2025-02-02,2025-02-02T15:15:00+00:00,laliga,Valencia,Celta de Vigo,2 - 1,1,453516,458622,no_auditado
2025-02-02,2025-02-02T15:15:00+00:00,segunda,Eibar,Deportivo La Coruña,0 - 1,2,464579,463728,no_auditado
2025-02-02,2025-02-02T17:30:00+00:00,laliga,Osasuna,Real Sociedad,2 - 1,1,619461,467132,no_auditado
2025-02-02,2025-02-02T17:30:00+00:00,segunda,FC Cartagena,Cordoba,0 - 1,2,4478746,607547,no_auditado
2025-02-02,2025-02-02T17:30:00+00:00,segunda,Zaragoza,Cadiz,0 - 0,X,623716,616908,no_auditado
2025-02-02,2025-02-02T20:00:00+00:00,laliga,Real Betis,Ath Bilbao,2 - 2,X,462877,452665,no_auditado
2025-02-02,2025-02-02T20:00:00+00:00,segunda,Tenerife,Albacete,3 - 1,1,612653,615206,no_auditado
2025-02-03,2025-02-03T19:30:00+00:00,segunda,Levante,Racing Ferrol,0 - 1,2,459473,8007843,no_auditado
2025-02-03,2025-02-03T20:00:00+00:00,laliga,Girona,Las Palmas,2 - 1,1,466281,455218,no_auditado
2025-02-07,2025-02-07T19:30:00+00:00,segunda,Albacete,Zaragoza,2 - 1,1,615206,623716,no_auditado
2025-02-07,2025-02-07T20:00:00+00:00,laliga,Rayo Vallecano,Valladolid,1 - 0,1,620312,613504,no_auditado
2025-02-08,2025-02-08T13:00:00+00:00,laliga,Celta de Vigo,Real Betis,3 - 2,1,458622,462877,no_auditado
2025-02-08,2025-02-08T13:00:00+00:00,segunda,Racing Ferrol,Castellón,1 - 3,2,8007843,4471938,no_auditado
2025-02-08,2025-02-08T15:15:00+00:00,laliga,Ath Bilbao,Girona,3 - 0,1,452665,466281,no_auditado
2025-02-08,2025-02-08T15:15:00+00:00,segunda,Granada CF,Mirandes,0 - 0,X,609249,680733,no_auditado
2025-02-08,2025-02-08T17:30:00+00:00,laliga,Las Palmas,Villarreal,1 - 2,2,455218,454367,no_auditado
2025-02-08,2025-02-08T17:30:00+00:00,segunda,Malaga,Levante,1 - 1,X,456069,459473,no_auditado
2025-02-08,2025-02-08T17:30:00+00:00,segunda,Sporting Gijón,Eibar,0 - 0,X,622865,464579,no_auditado
2025-02-08,2025-02-08T20:00:00+00:00,laliga,Real Madrid,Atlético Madrid,1 - 1,X,461175,451814,no_auditado
2025-02-09,2025-02-09T13:00:00+00:00,laliga,Alavés,Getafe,0 - 1,2,462026,465430,no_auditado
2025-02-09,2025-02-09T13:00:00+00:00,segunda,Elche,Tenerife,2 - 0,1,679031,612653,no_auditado
2025-02-09,2025-02-09T15:15:00+00:00,laliga,Valencia,Leganes,2 - 0,1,453516,457771,no_auditado
2025-02-09,2025-02-09T15:15:00+00:00,segunda,Burgos,Racing Santander,2 - 1,1,8153364,3970699,no_auditado
2025-02-09,2025-02-09T15:15:00+00:00,segunda,Cordoba,Huesca,1 - 2,2,607547,618610,no_auditado
2025-02-09,2025-02-09T17:30:00+00:00,laliga,Real Sociedad,Espanol,2 - 1,1,467132,460324,no_auditado
2025-02-09,2025-02-09T17:30:00+00:00,segunda,Cadiz,FC Cartagena,5 - 2,1,616908,4478746,no_auditado
2025-02-09,2025-02-09T17:30:00+00:00,segunda,Deportivo La Coruña,Almería,3 - 1,1,463728,616057,no_auditado
2025-02-09,2025-02-09T20:00:00+00:00,laliga,Sevilla FC,Barcelona,1 - 4,2,456920,450963,no_auditado
2025-02-10,2025-02-10T19:30:00+00:00,segunda,Oviedo,Eldense,0 - 0,X,611802,8248676,no_auditado
2025-02-10,2025-02-10T20:00:00+00:00,laliga,Mallorca,Osasuna,1 - 1,X,679882,619461,no_auditado
2025-02-14,2025-02-14T19:30:00+00:00,segunda,Mirandes,Racing Ferrol,4 - 1,1,680733,8007843,no_auditado
2025-02-14,2025-02-14T20:00:00+00:00,laliga,Girona,Getafe,1 - 2,2,466281,465430,no_auditado
2025-02-15,2025-02-15T13:00:00+00:00,laliga,Leganes,Alavés,3 - 3,X,457771,462026,no_auditado
2025-02-15,2025-02-15T13:00:00+00:00,segunda,Castellón,Eibar,2 - 0,1,4471938,464579,no_auditado
2025-02-15,2025-02-15T15:15:00+00:00,laliga,Osasuna,Real Madrid,1 - 1,X,619461,461175,no_auditado
2025-02-15,2025-02-15T15:15:00+00:00,segunda,FC Cartagena,Malaga,0 - 1,2,4478746,456069,no_auditado
2025-02-15,2025-02-15T17:30:00+00:00,laliga,Atlético Madrid,Celta de Vigo,1 - 1,X,451814,458622,no_auditado
2025-02-15,2025-02-15T17:30:00+00:00,segunda,Racing Santander,Cadiz,2 - 3,2,3970699,616908,no_auditado
2025-02-15,2025-02-15T20:00:00+00:00,laliga,Villarreal,Valencia,1 - 1,X,454367,453516,no_auditado
2025-02-15,2025-02-15T20:00:00+00:00,segunda,Tenerife,Cordoba,2 - 3,2,612653,607547,no_auditado
2025-02-16,2025-02-16T13:00:00+00:00,laliga,Espanol,Ath Bilbao,1 - 1,X,460324,452665,no_auditado
2025-02-16,2025-02-16T13:00:00+00:00,segunda,Levante,Sporting Gijón,0 - 0,X,459473,622865,no_auditado
2025-02-16,2025-02-16T15:15:00+00:00,laliga,Valladolid,Sevilla FC,0 - 4,2,613504,456920,no_auditado
2025-02-16,2025-02-16T15:15:00+00:00,segunda,Eldense,Deportivo La Coruña,2 - 0,1,8248676,463728,no_auditado
2025-02-16,2025-02-16T15:15:00+00:00,segunda,Huesca,Granada CF,1 - 1,X,618610,609249,no_auditado
2025-02-16,2025-02-16T17:30:00+00:00,laliga,Mallorca,Las Palmas,3 - 1,1,679882,455218,no_auditado
2025-02-16,2025-02-16T17:30:00+00:00,segunda,Zaragoza,Burgos,0 - 1,2,623716,8153364,no_auditado
2025-02-16,2025-02-16T20:00:00+00:00,laliga,Real Betis,Real Sociedad,3 - 0,1,462877,467132,no_auditado
2025-02-16,2025-02-16T20:00:00+00:00,segunda,Oviedo,Albacete,1 - 0,1,611802,615206,no_auditado
2025-02-17,2025-02-17T19:30:00+00:00,segunda,Almería,Elche,1 - 1,X,616057,679031,no_auditado
2025-02-17,2025-02-17T20:00:00+00:00,laliga,Barcelona,Rayo Vallecano,1 - 0,1,450963,620312,no_auditado
2025-02-21,2025-02-21T19:30:00+00:00,segunda,Malaga,Tenerife,1 - 0,1,456069,612653,no_auditado
2025-02-21,2025-02-21T20:00:00+00:00,laliga,Celta de Vigo,Osasuna,1 - 0,1,458622,619461,no_auditado
2025-02-22,2025-02-22T13:00:00+00:00,laliga,Alavés,Espanol,0 - 1,2,462026,460324,no_auditado
2025-02-22,2025-02-22T13:00:00+00:00,segunda,Racing Ferrol,Cordoba,0 - 1,2,8007843,607547,no_auditado
2025-02-22,2025-02-22T15:15:00+00:00,laliga,Rayo Vallecano,Villarreal,0 - 1,2,620312,454367,no_auditado
2025-02-22,2025-02-22T15:15:00+00:00,segunda,Burgos,Oviedo,1 - 2,2,8153364,611802,no_auditado
2025-02-22,2025-02-22T15:15:00+00:00,segunda,Eibar,Racing Santander,2 - 2,X,464579,3970699,no_auditado
2025-02-22,2025-02-22T17:30:00+00:00,laliga,Valencia,Atlético Madrid,0 - 3,2,453516,451814,no_auditado
2025-02-22,2025-02-22T17:30:00+00:00,segunda,Granada CF,Zaragoza,2 - 2,X,609249,623716,no_auditado
2025-02-22,2025-02-22T20:00:00+00:00,laliga,Las Palmas,Barcelona,0 - 2,2,455218,450963,no_auditado
2025-02-22,2025-02-22T20:00:00+00:00,segunda,Sporting Gijón,Almería,1 - 1,X,622865,616057,no_auditado
2025-02-23,2025-02-23T13:00:00+00:00,laliga,Ath Bilbao,Valladolid,7 - 1,1,452665,613504,no_auditado
2025-02-23,2025-02-23T13:00:00+00:00,segunda,Deportivo La Coruña,Huesca,0 - 0,X,463728,618610,no_auditado
2025-02-23,2025-02-23T15:15:00+00:00,laliga,Real Madrid,Girona,2 - 0,1,461175,466281,no_auditado
2025-02-23,2025-02-23T15:15:00+00:00,segunda,Elche,FC Cartagena,2 - 1,1,679031,4478746,no_auditado
2025-02-23,2025-02-23T17:30:00+00:00,laliga,Getafe,Real Betis,1 - 2,2,465430,462877,no_auditado
2025-02-23,2025-02-23T17:30:00+00:00,segunda,Albacete,Eldense,0 - 1,2,615206,8248676,no_auditado
2025-02-23,2025-02-23T17:30:00+00:00,segunda,Levante,Mirandes,1 - 0,1,459473,680733,no_auditado
2025-02-23,2025-02-23T20:00:00+00:00,laliga,Real Sociedad,Leganes,3 - 0,1,467132,457771,no_auditado
2025-02-23,2025-02-23T20:00:00+00:00,segunda,Cadiz,Castellón,0 - 0,X,616908,4471938,no_auditado
2025-02-24,2025-02-24T20:00:00+00:00,laliga,Sevilla FC,Mallorca,1 - 1,X,456920,679882,no_auditado
2025-02-28,2025-02-28T19:30:00+00:00,segunda,FC Cartagena,Eibar,0 - 2,2,4478746,464579,no_auditado
2025-02-28,2025-02-28T20:00:00+00:00,laliga,Valladolid,Las Palmas,1 - 1,X,613504,455218,no_auditado
2025-03-01,2025-03-01T13:00:00+00:00,laliga,Girona,Celta de Vigo,2 - 2,X,466281,458622,no_auditado
2025-03-01,2025-03-01T15:15:00+00:00,laliga,Rayo Vallecano,Sevilla FC,1 - 1,X,620312,456920,no_auditado
2025-03-01,2025-03-01T15:15:00+00:00,segunda,Castellón,Burgos,2 - 1,1,4471938,8153364,no_auditado
2025-03-01,2025-03-01T15:15:00+00:00,segunda,Huesca,Racing Ferrol,3 - 1,1,618610,8007843,no_auditado
2025-03-01,2025-03-01T17:30:00+00:00,laliga,Real Betis,Real Madrid,2 - 1,1,462877,461175,no_auditado
2025-03-01,2025-03-01T17:30:00+00:00,segunda,Zaragoza,Sporting Gijón,1 - 1,X,623716,622865,no_auditado
2025-03-01,2025-03-01T20:00:00+00:00,laliga,Atlético Madrid,Ath Bilbao,1 - 0,1,451814,452665,no_auditado
2025-03-01,2025-03-01T20:00:00+00:00,segunda,Almería,Malaga,2 - 2,X,616057,456069,no_auditado
2025-03-02,2025-03-02T13:00:00+00:00,laliga,Leganes,Getafe,1 - 0,1,457771,465430,no_auditado
2025-03-02,2025-03-02T13:00:00+00:00,segunda,Cordoba,Granada CF,5 - 0,1,607547,609249,no_auditado
2025-03-02,2025-03-02T15:15:00+00:00,laliga,Barcelona,Real Sociedad,4 - 0,1,450963,467132,no_auditado
2025-03-02,2025-03-02T15:15:00+00:00,segunda,Oviedo,Deportivo La Coruña,1 - 2,2,611802,463728,no_auditado
2025-03-02,2025-03-02T17:30:00+00:00,laliga,Mallorca,Alavés,1 - 1,X,679882,462026,no_auditado
2025-03-02,2025-03-02T17:30:00+00:00,segunda,Albacete,Cadiz,3 - 0,1,615206,616908,no_auditado
2025-03-02,2025-03-02T17:30:00+00:00,segunda,Eldense,Levante,1 - 2,2,8248676,459473,no_auditado
2025-03-02,2025-03-02T20:00:00+00:00,laliga,Osasuna,Valencia,3 - 3,X,619461,453516,no_auditado
2025-03-02,2025-03-02T20:00:00+00:00,segunda,Racing Santander,Elche,2 - 0,1,3970699,679031,no_auditado
2025-03-03,2025-03-03T19:30:00+00:00,segunda,Mirandes,Tenerife,2 - 0,1,680733,612653,no_auditado
2025-03-05,2025-03-05T19:00:00+00:00,segunda,Racing Ferrol,Burgos,0 - 1,2,8007843,8153364,no_auditado
2025-03-07,2025-03-07T18:00:00+00:00,segunda,Eibar,Almería,1 - 0,1,464579,616057,no_auditado
2025-03-07,2025-03-07T20:00:00+00:00,segunda,Deportivo La Coruña,Cordoba,1 - 1,X,463728,607547,no_auditado
2025-03-08,2025-03-08T13:00:00+00:00,laliga,Celta de Vigo,Leganes,2 - 1,1,458622,457771,no_auditado
2025-03-08,2025-03-08T15:15:00+00:00,laliga,Alavés,Villarreal,1 - 0,1,462026,454367,no_auditado
2025-03-08,2025-03-08T15:15:00+00:00,segunda,Mirandes,Oviedo,1 - 0,1,680733,611802,no_auditado
2025-03-08,2025-03-08T17:30:00+00:00,laliga,Valencia,Valladolid,2 - 1,1,453516,613504,no_auditado
2025-03-08,2025-03-08T17:30:00+00:00,segunda,Elche,Castellón,3 - 1,1,679031,4471938,no_auditado
2025-03-08,2025-03-08T17:30:00+00:00,segunda,Sporting Gijón,Racing Santander,1 - 1,X,622865,3970699,no_auditado
2025-03-08,2025-03-08T20:00:00+00:00,segunda,Zaragoza,Eldense,2 - 4,2,623716,8248676,no_auditado
2025-03-09,2025-03-09T13:00:00+00:00,laliga,Getafe,Atlético Madrid,2 - 1,1,465430,451814,no_auditado
2025-03-09,2025-03-09T13:00:00+00:00,segunda,Tenerife,Huesca,2 - 0,1,612653,618610,no_auditado
2025-03-09,2025-03-09T15:15:00+00:00,laliga,Real Madrid,Rayo Vallecano,2 - 1,1,461175,620312,no_auditado
2025-03-09,2025-03-09T15:15:00+00:00,segunda,Malaga,Cadiz,0 - 2,2,456069,616908,no_auditado
2025-03-09,2025-03-09T17:30:00+00:00,laliga,Ath Bilbao,Mallorca,1 - 1,X,452665,679882,no_auditado
2025-03-09,2025-03-09T17:30:00+00:00,laliga,Real Betis,Las Palmas,1 - 0,1,462877,455218,no_auditado
2025-03-09,2025-03-09T17:30:00+00:00,segunda,Levante,FC Cartagena,3 - 0,1,459473,4478746,no_auditado
2025-03-09,2025-03-09T20:00:00+00:00,laliga,Real Sociedad,Sevilla FC,0 - 1,2,467132,456920,no_auditado
2025-03-09,2025-03-09T20:00:00+00:00,segunda,Granada CF,Racing Ferrol,3 - 0,1,609249,8007843,no_auditado
2025-03-10,2025-03-10T19:30:00+00:00,segunda,Burgos,Albacete,1 - 0,1,8153364,615206,no_auditado
2025-03-10,2025-03-10T20:00:00+00:00,laliga,Espanol,Girona,1 - 1,X,460324,466281,no_auditado
2025-03-14,2025-03-14T19:30:00+00:00,segunda,Oviedo,Elche,1 - 1,X,611802,679031,no_auditado
2025-03-14,2025-03-14T20:00:00+00:00,laliga,Las Palmas,Alavés,2 - 2,X,455218,462026,no_auditado
2025-03-15,2025-03-15T13:00:00+00:00,laliga,Valladolid,Celta de Vigo,0 - 1,2,613504,458622,no_auditado
2025-03-15,2025-03-15T13:00:00+00:00,segunda,Racing Ferrol,Eibar,0 - 0,X,8007843,464579,no_auditado
2025-03-15,2025-03-15T15:15:00+00:00,laliga,Mallorca,Espanol,2 - 1,1,679882,460324,no_auditado
2025-03-15,2025-03-15T15:15:00+00:00,segunda,Albacete,Malaga,2 - 0,1,615206,456069,no_auditado
2025-03-15,2025-03-15T15:15:00+00:00,segunda,FC Cartagena,Burgos,0 - 1,2,4478746,8153364,no_auditado
2025-03-15,2025-03-15T17:30:00+00:00,laliga,Villarreal,Real Madrid,1 - 2,2,454367,461175,no_auditado
2025-03-15,2025-03-15T17:30:00+00:00,segunda,Almería,Zaragoza,4 - 1,1,616057,623716,no_auditado
2025-03-15,2025-03-15T20:00:00+00:00,laliga,Girona,Valencia,1 - 1,X,466281,453516,no_auditado
2025-03-15,2025-03-15T20:00:00+00:00,segunda,Cordoba,Sporting Gijón,1 - 1,X,607547,622865,no_auditado
2025-03-16,2025-03-16T13:00:00+00:00,laliga,Leganes,Real Betis,2 - 3,2,457771,462877,no_auditado
2025-03-16,2025-03-16T13:00:00+00:00,segunda,Eldense,Mirandes,2 - 2,X,8248676,680733,no_auditado
2025-03-16,2025-03-16T15:15:00+00:00,laliga,Sevilla FC,Ath Bilbao,0 - 1,2,456920,452665,no_auditado
2025-03-16,2025-03-16T15:15:00+00:00,segunda,Huesca,Levante,1 - 2,2,618610,459473,no_auditado
2025-03-16,2025-03-16T15:15:00+00:00,segunda,Racing Santander,Tenerife,2 - 1,1,3970699,612653,no_auditado
2025-03-16,2025-03-16T17:30:00+00:00,laliga,Osasuna,Getafe,1 - 2,2,619461,465430,no_auditado
2025-03-16,2025-03-16T17:30:00+00:00,laliga,Rayo Vallecano,Real Sociedad,2 - 2,X,620312,467132,no_auditado
2025-03-16,2025-03-16T17:30:00+00:00,segunda,Cadiz,Granada CF,1 - 0,1,616908,609249,no_auditado
2025-03-16,2025-03-16T20:00:00+00:00,laliga,Atlético Madrid,Barcelona,2 - 4,2,451814,450963,no_auditado
2025-03-17,2025-03-17T19:30:00+00:00,segunda,Castellón,Deportivo La Coruña,2 - 2,X,4471938,463728,no_auditado
2025-03-21,2025-03-21T19:30:00+00:00,segunda,Burgos,Almería,3 - 1,1,8153364,616057,no_auditado
2025-03-22,2025-03-22T15:15:00+00:00,segunda,Elche,Eldense,2 - 0,1,679031,8248676,no_auditado
2025-03-22,2025-03-22T17:30:00+00:00,segunda,Malaga,Racing Ferrol,2 - 0,1,456069,8007843,no_auditado
2025-03-22,2025-03-22T17:30:00+00:00,segunda,Mirandes,Racing Santander,2 - 1,1,680733,3970699,no_auditado
2025-03-22,2025-03-22T20:00:00+00:00,segunda,Granada CF,Oviedo,1 - 0,1,609249,611802,no_auditado
2025-03-23,2025-03-23T13:00:00+00:00,segunda,Levante,Castellón,3 - 2,1,459473,4471938,no_auditado
2025-03-23,2025-03-23T15:15:00+00:00,segunda,Eibar,Huesca,2 - 1,1,464579,618610,no_auditado
2025-03-23,2025-03-23T15:15:00+00:00,segunda,Sporting Gijón,Albacete,0 - 2,2,622865,615206,no_auditado
2025-03-23,2025-03-23T17:30:00+00:00,segunda,Deportivo La Coruña,FC Cartagena,2 - 2,X,463728,4478746,no_auditado
2025-03-23,2025-03-23T17:30:00+00:00,segunda,Tenerife,Cadiz,2 - 1,1,612653,616908,no_auditado
2025-03-24,2025-03-24T19:30:00+00:00,segunda,Zaragoza,Cordoba,1 - 1,X,623716,607547,no_auditado
2025-03-27,2025-03-27T20:00:00+00:00,laliga,Barcelona,Osasuna,3 - 0,1,450963,619461,no_auditado
2025-03-28,2025-03-28T19:30:00+00:00,segunda,Tenerife,Granada CF,2 - 1,1,612653,609249,no_auditado
2025-03-29,2025-03-29T13:00:00+00:00,laliga,Real Sociedad,Valladolid,2 - 1,1,467132,613504,no_auditado
2025-03-29,2025-03-29T13:00:00+00:00,segunda,Eldense,Burgos,0 - 0,X,8248676,8153364,no_auditado
2025-03-29,2025-03-29T15:15:00+00:00,laliga,Espanol,Atlético Madrid,1 - 1,X,460324,451814,no_auditado
2025-03-29,2025-03-29T15:15:00+00:00,segunda,Racing Ferrol,Deportivo La Coruña,0 - 1,2,8007843,463728,no_auditado
2025-03-29,2025-03-29T17:30:00+00:00,laliga,Alavés,Rayo Vallecano,0 - 2,2,462026,620312,no_auditado
2025-03-29,2025-03-29T17:30:00+00:00,segunda,FC Cartagena,Castellón,2 - 2,X,4478746,4471938,no_auditado
2025-03-29,2025-03-29T17:30:00+00:00,segunda,Racing Santander,Zaragoza,2 - 0,1,3970699,623716,no_auditado
2025-03-29,2025-03-29T20:00:00+00:00,laliga,Real Madrid,Leganes,3 - 2,1,461175,457771,no_auditado
2025-03-29,2025-03-29T20:00:00+00:00,segunda,Almería,Levante,1 - 0,1,616057,459473,no_auditado
2025-03-30,2025-03-30T12:00:00+00:00,laliga,Getafe,Villarreal,1 - 2,2,465430,454367,no_auditado
2025-03-30,2025-03-30T12:00:00+00:00,segunda,Cordoba,Elche,1 - 2,2,607547,679031,no_auditado
2025-03-30,2025-03-30T14:15:00+00:00,laliga,Barcelona,Girona,4 - 1,1,450963,466281,no_auditado
2025-03-30,2025-03-30T14:15:00+00:00,segunda,Oviedo,Malaga,2 - 1,1,611802,456069,no_auditado
2025-03-30,2025-03-30T16:30:00+00:00,laliga,Ath Bilbao,Osasuna,0 - 0,X,452665,619461,no_auditado
2025-03-30,2025-03-30T16:30:00+00:00,laliga,Valencia,Mallorca,1 - 0,1,453516,679882,no_auditado
2025-03-30,2025-03-30T16:30:00+00:00,segunda,Albacete,Mirandes,3 - 2,1,615206,680733,no_auditado
2025-03-30,2025-03-30T16:30:00+00:00,segunda,Huesca,Sporting Gijón,3 - 2,1,618610,622865,no_auditado
2025-03-30,2025-03-30T19:00:00+00:00,laliga,Real Betis,Sevilla FC,2 - 1,1,462877,456920,no_auditado
2025-03-31,2025-03-31T18:30:00+00:00,segunda,Cadiz,Eibar,0 - 0,X,616908,464579,no_auditado
2025-03-31,2025-03-31T19:00:00+00:00,laliga,Celta de Vigo,Las Palmas,1 - 1,X,458622,455218,no_auditado
2025-04-04,2025-04-04T18:30:00+00:00,segunda,Castellón,Albacete,2 - 2,X,4471938,615206,no_auditado
2025-04-04,2025-04-04T19:00:00+00:00,laliga,Rayo Vallecano,Espanol,0 - 4,2,620312,460324,no_auditado
2025-04-05,2025-04-05T12:00:00+00:00,laliga,Girona,Alavés,0 - 1,2,466281,462026,no_auditado
2025-04-05,2025-04-05T14:15:00+00:00,laliga,Real Madrid,Valencia,1 - 2,2,461175,453516,no_auditado
2025-04-05,2025-04-05T14:15:00+00:00,segunda,Eibar,Oviedo,1 - 1,X,464579,611802,no_auditado
2025-04-05,2025-04-05T16:30:00+00:00,laliga,Mallorca,Celta de Vigo,1 - 2,2,679882,458622,no_auditado
2025-04-05,2025-04-05T16:30:00+00:00,segunda,FC Cartagena,Eldense,0 - 1,2,4478746,8248676,no_auditado
2025-04-05,2025-04-05T16:30:00+00:00,segunda,Granada CF,Almería,3 - 1,1,609249,616057,no_auditado
2025-04-05,2025-04-05T19:00:00+00:00,laliga,Barcelona,Real Betis,1 - 1,X,450963,462877,no_auditado
2025-04-05,2025-04-05T19:00:00+00:00,segunda,Sporting Gijón,Tenerife,1 - 3,2,622865,612653,no_auditado
2025-04-06,2025-04-06T12:00:00+00:00,laliga,Las Palmas,Real Sociedad,1 - 3,2,455218,467132,no_auditado
2025-04-06,2025-04-06T12:00:00+00:00,segunda,Zaragoza,Mirandes,1 - 0,1,623716,680733,no_auditado
2025-04-06,2025-04-06T14:15:00+00:00,laliga,Sevilla FC,Atlético Madrid,1 - 2,2,456920,451814,no_auditado
2025-04-06,2025-04-06T14:15:00+00:00,segunda,Levante,Racing Santander,3 - 1,1,459473,3970699,no_auditado
2025-04-06,2025-04-06T16:30:00+00:00,laliga,Valladolid,Getafe,0 - 4,2,613504,465430,no_auditado
2025-04-06,2025-04-06T16:30:00+00:00,segunda,Burgos,Huesca,2 - 1,1,8153364,618610,no_auditado
2025-04-06,2025-04-06T16:30:00+00:00,segunda,Malaga,Cordoba,0 - 1,2,456069,607547,no_auditado
2025-04-06,2025-04-06T19:00:00+00:00,laliga,Villarreal,Ath Bilbao,0 - 0,X,454367,452665,no_auditado
2025-04-06,2025-04-06T19:00:00+00:00,segunda,Deportivo La Coruña,Cadiz,1 - 0,1,463728,616908,no_auditado
2025-04-07,2025-04-07T18:30:00+00:00,segunda,Elche,Racing Ferrol,1 - 0,1,679031,8007843,no_auditado
2025-04-07,2025-04-07T19:00:00+00:00,laliga,Leganes,Osasuna,1 - 1,X,457771,619461,no_auditado
2025-04-11,2025-04-11T18:30:00+00:00,segunda,Cordoba,Levante,2 - 2,X,607547,459473,no_auditado
2025-04-11,2025-04-11T19:00:00+00:00,laliga,Valencia,Sevilla FC,1 - 0,1,453516,456920,no_auditado
2025-04-12,2025-04-12T12:00:00+00:00,laliga,Real Sociedad,Mallorca,0 - 2,2,467132,679882,no_auditado
2025-04-12,2025-04-12T14:15:00+00:00,laliga,Getafe,Las Palmas,1 - 3,2,465430,455218,no_auditado
2025-04-12,2025-04-12T14:15:00+00:00,segunda,Zaragoza,Eibar,2 - 2,X,623716,464579,no_auditado
2025-04-12,2025-04-12T16:30:00+00:00,laliga,Celta de Vigo,Espanol,0 - 2,2,458622,460324,no_auditado
2025-04-12,2025-04-12T16:30:00+00:00,segunda,Cadiz,Elche,0 - 1,2,616908,679031,no_auditado
2025-04-12,2025-04-12T16:30:00+00:00,segunda,Tenerife,Burgos,0 - 0,X,612653,8153364,no_auditado
2025-04-12,2025-04-12T19:00:00+00:00,laliga,Leganes,Barcelona,0 - 1,2,457771,450963,no_auditado
2025-04-12,2025-04-12T19:00:00+00:00,segunda,Oviedo,Racing Ferrol,3 - 0,1,611802,8007843,no_auditado
2025-04-13,2025-04-13T12:00:00+00:00,laliga,Osasuna,Girona,2 - 1,1,619461,466281,no_auditado
2025-04-13,2025-04-13T12:00:00+00:00,segunda,Albacete,Granada CF,0 - 2,2,615206,609249,no_auditado
2025-04-13,2025-04-13T14:15:00+00:00,laliga,Alavés,Real Madrid,0 - 1,2,462026,461175,no_auditado
2025-04-13,2025-04-13T14:15:00+00:00,segunda,Racing Santander,Castellón,1 - 1,X,3970699,4471938,no_auditado
2025-04-13,2025-04-13T16:30:00+00:00,laliga,Real Betis,Villarreal,1 - 2,2,462877,454367,no_auditado
2025-04-13,2025-04-13T16:30:00+00:00,segunda,Eldense,Sporting Gijón,1 - 2,2,8248676,622865,no_auditado
2025-04-13,2025-04-13T16:30:00+00:00,segunda,Mirandes,Deportivo La Coruña,2 - 2,X,680733,463728,no_auditado
2025-04-13,2025-04-13T19:00:00+00:00,laliga,Ath Bilbao,Rayo Vallecano,3 - 1,1,452665,620312,no_auditado
2025-04-13,2025-04-13T19:00:00+00:00,segunda,Almería,FC Cartagena,2 - 1,1,616057,4478746,no_auditado
2025-04-14,2025-04-14T18:30:00+00:00,segunda,Huesca,Malaga,1 - 0,1,618610,456069,no_auditado
2025-04-14,2025-04-14T19:00:00+00:00,laliga,Atlético Madrid,Valladolid,4 - 2,1,451814,613504,no_auditado
2025-04-18,2025-04-18T17:00:00+00:00,segunda,Sporting Gijón,Mirandes,3 - 1,1,622865,680733,no_auditado
2025-04-18,2025-04-18T19:00:00+00:00,laliga,Espanol,Getafe,1 - 0,1,460324,465430,no_auditado
2025-04-18,2025-04-18T19:00:00+00:00,segunda,Castellón,Almería,4 - 1,1,4471938,616057,no_auditado
2025-04-19,2025-04-19T12:00:00+00:00,laliga,Rayo Vallecano,Valencia,1 - 1,X,620312,453516,no_auditado
2025-04-19,2025-04-19T12:00:00+00:00,segunda,Racing Ferrol,Eldense,1 - 0,1,8007843,8248676,no_auditado
2025-04-19,2025-04-19T14:15:00+00:00,laliga,Barcelona,Celta de Vigo,4 - 3,1,450963,458622,no_auditado
2025-04-19,2025-04-19T14:15:00+00:00,segunda,Huesca,Racing Santander,1 - 3,2,618610,3970699,no_auditado
2025-04-19,2025-04-19T16:30:00+00:00,laliga,Mallorca,Leganes,0 - 0,X,679882,457771,no_auditado
2025-04-19,2025-04-19T16:30:00+00:00,segunda,Levante,Zaragoza,5 - 2,1,459473,623716,no_auditado
2025-04-19,2025-04-19T19:00:00+00:00,laliga,Las Palmas,Atlético Madrid,1 - 0,1,455218,451814,no_auditado
2025-04-19,2025-04-19T19:00:00+00:00,segunda,Burgos,Cadiz,2 - 2,X,8153364,616908,no_auditado
2025-04-20,2025-04-20T12:00:00+00:00,laliga,Valladolid,Osasuna,2 - 3,2,613504,619461,no_auditado
2025-04-20,2025-04-20T12:00:00+00:00,segunda,FC Cartagena,Granada CF,2 - 3,2,4478746,609249,no_auditado
2025-04-20,2025-04-20T14:15:00+00:00,laliga,Villarreal,Real Sociedad,2 - 2,X,454367,467132,no_auditado
2025-04-20,2025-04-20T14:15:00+00:00,segunda,Cordoba,Oviedo,0 - 0,X,607547,611802,no_auditado
2025-04-20,2025-04-20T16:30:00+00:00,laliga,Sevilla FC,Alavés,1 - 1,X,456920,462026,no_auditado
2025-04-20,2025-04-20T16:30:00+00:00,segunda,Elche,Albacete,2 - 2,X,679031,615206,no_auditado
2025-04-20,2025-04-20T19:00:00+00:00,laliga,Real Madrid,Ath Bilbao,1 - 0,1,461175,452665,no_auditado
2025-04-20,2025-04-20T19:00:00+00:00,segunda,Deportivo La Coruña,Tenerife,0 - 0,X,463728,612653,no_auditado
2025-04-21,2025-04-21T18:30:00+00:00,segunda,Eibar,Malaga,2 - 2,X,464579,456069,no_auditado
2025-04-21,2025-04-21T19:00:00+00:00,laliga,Girona,Real Betis,1 - 3,2,466281,462877,no_auditado
2025-04-22,2025-04-22T17:00:00+00:00,laliga,Valencia,Espanol,1 - 1,X,453516,460324,no_auditado
2025-04-22,2025-04-22T19:30:00+00:00,laliga,Barcelona,Mallorca,1 - 0,1,450963,679882,no_auditado
2025-04-23,2025-04-23T17:00:00+00:00,laliga,Ath Bilbao,Las Palmas,1 - 0,1,452665,455218,no_auditado
2025-04-23,2025-04-23T17:00:00+00:00,laliga,Celta de Vigo,Villarreal,3 - 0,1,458622,454367,no_auditado
2025-04-23,2025-04-23T19:30:00+00:00,laliga,Alavés,Real Sociedad,1 - 0,1,462026,467132,no_auditado
2025-04-23,2025-04-23T19:30:00+00:00,laliga,Getafe,Real Madrid,0 - 1,2,465430,461175,no_auditado
2025-04-24,2025-04-24T17:00:00+00:00,laliga,Leganes,Girona,1 - 1,X,457771,466281,no_auditado
2025-04-24,2025-04-24T17:00:00+00:00,laliga,Osasuna,Sevilla FC,1 - 0,1,619461,456920,no_auditado
2025-04-24,2025-04-24T19:30:00+00:00,laliga,Atlético Madrid,Rayo Vallecano,3 - 0,1,451814,620312,no_auditado
2025-04-24,2025-04-24T19:30:00+00:00,laliga,Real Betis,Valladolid,5 - 1,1,462877,613504,no_auditado
2025-04-25,2025-04-25T18:30:00+00:00,segunda,Cadiz,Sporting Gijón,1 - 0,1,616908,622865,no_auditado
2025-04-26,2025-04-26T12:00:00+00:00,segunda,Albacete,FC Cartagena,3 - 1,1,615206,4478746,no_auditado
2025-04-26,2025-04-26T14:15:00+00:00,segunda,Eldense,Cordoba,1 - 1,X,8248676,607547,no_auditado
2025-04-26,2025-04-26T14:15:00+00:00,segunda,Oviedo,Levante,1 - 0,1,611802,459473,no_auditado
2025-04-26,2025-04-26T16:30:00+00:00,segunda,Granada CF,Elche,1 - 1,X,609249,679031,no_auditado
2025-04-26,2025-04-26T16:30:00+00:00,segunda,Mirandes,Burgos,2 - 1,1,680733,8153364,no_auditado
2025-04-27,2025-04-27T14:15:00+00:00,laliga,Villarreal,Espanol,1 - 0,1,454367,460324,no_auditado
2025-04-27,2025-04-27T14:15:00+00:00,segunda,Racing Santander,Deportivo La Coruña,2 - 1,1,3970699,463728,no_auditado
2025-04-27,2025-04-27T16:30:00+00:00,segunda,Malaga,Castellón,1 - 0,1,456069,4471938,no_auditado
2025-04-27,2025-04-27T16:30:00+00:00,segunda,Tenerife,Eibar,1 - 1,X,612653,464579,no_auditado
2025-04-27,2025-04-27T19:00:00+00:00,segunda,Zaragoza,Huesca,1 - 1,X,623716,618610,no_auditado
2025-04-29,2025-04-29T18:30:00+00:00,segunda,Almería,Racing Ferrol,2 - 1,1,616057,8007843,no_auditado
2025-05-02,2025-05-02T18:30:00+00:00,segunda,Cordoba,Cadiz,4 - 2,1,607547,616908,no_auditado
2025-05-02,2025-05-02T19:00:00+00:00,laliga,Rayo Vallecano,Getafe,1 - 0,1,620312,465430,no_auditado
2025-05-03,2025-05-03T12:00:00+00:00,laliga,Alavés,Atlético Madrid,0 - 0,X,462026,451814,no_auditado
2025-05-03,2025-05-03T14:15:00+00:00,laliga,Villarreal,Osasuna,4 - 2,1,454367,619461,no_auditado
2025-05-03,2025-05-03T14:15:00+00:00,segunda,Huesca,Oviedo,1 - 2,2,618610,611802,no_auditado
2025-05-03,2025-05-03T16:30:00+00:00,laliga,Las Palmas,Valencia,2 - 3,2,455218,453516,no_auditado
2025-05-03,2025-05-03T16:30:00+00:00,segunda,Eibar,Mirandes,0 - 1,2,464579,680733,no_auditado
2025-05-03,2025-05-03T16:30:00+00:00,segunda,Malaga,Granada CF,1 - 0,1,456069,609249,no_auditado
2025-05-03,2025-05-03T19:00:00+00:00,laliga,Valladolid,Barcelona,1 - 2,2,613504,450963,no_auditado
2025-05-03,2025-05-03T19:00:00+00:00,segunda,Burgos,Elche,0 - 1,2,8153364,679031,no_auditado
2025-05-04,2025-05-04T12:00:00+00:00,laliga,Real Madrid,Celta de Vigo,3 - 2,1,461175,458622,no_auditado
2025-05-04,2025-05-04T12:00:00+00:00,segunda,Levante,Tenerife,1 - 1,X,459473,612653,no_auditado
2025-05-04,2025-05-04T14:15:00+00:00,laliga,Sevilla FC,Leganes,2 - 2,X,456920,457771,no_auditado
2025-05-04,2025-05-04T14:15:00+00:00,segunda,Racing Ferrol,Zaragoza,1 - 2,2,8007843,623716,no_auditado
2025-05-04,2025-05-04T16:30:00+00:00,laliga,Espanol,Real Betis,1 - 2,2,460324,462877,no_auditado
2025-05-04,2025-05-04T16:30:00+00:00,segunda,Almería,Eldense,5 - 0,1,616057,8248676,no_auditado
2025-05-04,2025-05-04T16:30:00+00:00,segunda,FC Cartagena,Racing Santander,1 - 0,1,4478746,3970699,no_auditado
2025-05-04,2025-05-04T19:00:00+00:00,laliga,Real Sociedad,Ath Bilbao,0 - 0,X,467132,452665,no_auditado
2025-05-04,2025-05-04T19:00:00+00:00,segunda,Deportivo La Coruña,Albacete,5 - 1,1,463728,615206,no_auditado
2025-05-05,2025-05-05T18:30:00+00:00,segunda,Castellón,Sporting Gijón,4 - 3,1,4471938,622865,no_auditado
2025-05-05,2025-05-05T19:00:00+00:00,laliga,Girona,Mallorca,1 - 0,1,466281,679882,no_auditado
2025-05-09,2025-05-09T18:30:00+00:00,segunda,Cadiz,Almería,2 - 1,1,616908,616057,no_auditado
2025-05-09,2025-05-09T19:00:00+00:00,laliga,Las Palmas,Rayo Vallecano,0 - 1,2,455218,620312,no_auditado
2025-05-10,2025-05-10T12:00:00+00:00,laliga,Valencia,Getafe,3 - 0,1,453516,465430,no_auditado
2025-05-10,2025-05-10T14:15:00+00:00,laliga,Celta de Vigo,Sevilla FC,3 - 2,1,458622,456920,no_auditado
2025-05-10,2025-05-10T14:15:00+00:00,segunda,Mirandes,Castellón,3 - 2,1,680733,4471938,no_auditado
2025-05-10,2025-05-10T14:15:00+00:00,segunda,Sporting Gijón,Deportivo La Coruña,2 - 1,1,622865,463728,no_auditado
2025-05-10,2025-05-10T16:30:00+00:00,laliga,Girona,Villarreal,0 - 1,2,466281,454367,no_auditado
2025-05-10,2025-05-10T16:30:00+00:00,laliga,Mallorca,Valladolid,2 - 1,1,679882,613504,no_auditado
2025-05-10,2025-05-10T16:30:00+00:00,segunda,Burgos,Cordoba,3 - 2,1,8153364,607547,no_auditado
2025-05-10,2025-05-10T16:30:00+00:00,segunda,Elche,Levante,1 - 3,2,679031,459473,no_auditado
2025-05-10,2025-05-10T19:00:00+00:00,laliga,Atlético Madrid,Real Sociedad,4 - 0,1,451814,467132,no_auditado
2025-05-10,2025-05-10T19:00:00+00:00,segunda,Zaragoza,FC Cartagena,3 - 2,1,623716,4478746,no_auditado
2025-05-11,2025-05-11T12:00:00+00:00,laliga,Leganes,Espanol,3 - 2,1,457771,460324,no_auditado
2025-05-11,2025-05-11T12:00:00+00:00,segunda,Racing Santander,Oviedo,1 - 1,X,3970699,611802,no_auditado
2025-05-11,2025-05-11T14:15:00+00:00,laliga,Barcelona,Real Madrid,4 - 3,1,450963,461175,no_auditado
2025-05-11,2025-05-11T16:30:00+00:00,laliga,Ath Bilbao,Alavés,1 - 0,1,452665,462026,no_auditado
2025-05-11,2025-05-11T16:30:00+00:00,segunda,Albacete,Huesca,3 - 2,1,615206,618610,no_auditado
2025-05-11,2025-05-11T16:30:00+00:00,segunda,Eldense,Malaga,1 - 0,1,8248676,456069,no_auditado
2025-05-11,2025-05-11T19:00:00+00:00,laliga,Real Betis,Osasuna,1 - 1,X,462877,619461,no_auditado
2025-05-11,2025-05-11T19:00:00+00:00,segunda,Tenerife,Racing Ferrol,0 - 0,X,612653,8007843,no_auditado
2025-05-12,2025-05-12T18:30:00+00:00,segunda,Granada CF,Eibar,0 - 2,2,609249,464579,no_auditado
2025-05-13,2025-05-13T17:00:00+00:00,laliga,Valladolid,Girona,0 - 1,2,613504,466281,no_auditado
2025-05-13,2025-05-13T18:00:00+00:00,laliga,Real Sociedad,Celta de Vigo,0 - 1,2,467132,458622,no_auditado
2025-05-13,2025-05-13T19:30:00+00:00,laliga,Sevilla FC,Las Palmas,1 - 0,1,456920,455218,no_auditado
2025-05-14,2025-05-14T17:00:00+00:00,laliga,Alavés,Valencia,1 - 0,1,462026,453516,no_auditado
2025-05-14,2025-05-14T17:00:00+00:00,laliga,Villarreal,Leganes,3 - 0,1,454367,457771,no_auditado
2025-05-14,2025-05-14T19:30:00+00:00,laliga,Real Madrid,Mallorca,2 - 1,1,461175,679882,no_auditado
2025-05-15,2025-05-15T17:00:00+00:00,laliga,Osasuna,Atlético Madrid,2 - 0,1,619461,451814,no_auditado
2025-05-15,2025-05-15T17:00:00+00:00,laliga,Rayo Vallecano,Real Betis,2 - 2,X,620312,462877,no_auditado
2025-05-15,2025-05-15T19:30:00+00:00,laliga,Espanol,Barcelona,0 - 2,2,460324,450963,no_auditado
2025-05-15,2025-05-15T19:30:00+00:00,laliga,Getafe,Ath Bilbao,0 - 2,2,465430,452665,no_auditado
2025-05-16,2025-05-16T18:30:00+00:00,segunda,Levante,Albacete,1 - 0,1,459473,615206,no_auditado
2025-05-17,2025-05-17T14:15:00+00:00,segunda,Deportivo La Coruña,Granada CF,2 - 3,2,463728,609249,no_auditado
2025-05-17,2025-05-17T14:15:00+00:00,segunda,Eibar,Burgos,1 - 0,1,464579,8153364,no_auditado
2025-05-17,2025-05-17T16:30:00+00:00,segunda,FC Cartagena,Tenerife,1 - 0,1,4478746,612653,no_auditado
2025-05-17,2025-05-17T16:30:00+00:00,segunda,Huesca,Elche,2 - 1,1,618610,679031,no_auditado
2025-05-17,2025-05-17T19:00:00+00:00,segunda,Malaga,Sporting Gijón,2 - 1,1,456069,622865,no_auditado
2025-05-18,2025-05-18T12:00:00+00:00,segunda,Racing Ferrol,Cadiz,1 - 0,1,8007843,616908,no_auditado
2025-05-18,2025-05-18T14:15:00+00:00,segunda,Castellón,Eldense,1 - 1,X,4471938,8248676,no_auditado
2025-05-18,2025-05-18T14:15:00+00:00,segunda,Oviedo,Zaragoza,1 - 0,1,611802,623716,no_auditado
2025-05-18,2025-05-18T17:00:00+00:00,laliga,Atlético Madrid,Real Betis,4 - 1,1,451814,462877,no_auditado
2025-05-18,2025-05-18T17:00:00+00:00,laliga,Barcelona,Villarreal,2 - 3,2,450963,454367,no_auditado
2025-05-18,2025-05-18T17:00:00+00:00,laliga,Celta de Vigo,Rayo Vallecano,1 - 2,2,458622,620312,no_auditado
2025-05-18,2025-05-18T17:00:00+00:00,laliga,Las Palmas,Leganes,0 - 1,2,455218,457771,no_auditado
2025-05-18,2025-05-18T17:00:00+00:00,laliga,Mallorca,Getafe,1 - 2,2,679882,465430,no_auditado
2025-05-18,2025-05-18T17:00:00+00:00,laliga,Osasuna,Espanol,2 - 0,1,619461,460324,no_auditado
2025-05-18,2025-05-18T17:00:00+00:00,laliga,Real Sociedad,Girona,3 - 2,1,467132,466281,no_auditado
2025-05-18,2025-05-18T17:00:00+00:00,laliga,Sevilla FC,Real Madrid,0 - 2,2,456920,461175,no_auditado
2025-05-18,2025-05-18T17:00:00+00:00,laliga,Valencia,Ath Bilbao,0 - 1,2,453516,452665,no_auditado
2025-05-18,2025-05-18T17:00:00+00:00,laliga,Valladolid,Alavés,0 - 1,2,613504,462026,no_auditado
2025-05-18,2025-05-18T19:00:00+00:00,segunda,Almería,Racing Santander,2 - 0,1,616057,3970699,no_auditado
2025-05-19,2025-05-19T18:30:00+00:00,segunda,Cordoba,Mirandes,1 - 2,2,607547,680733,no_auditado
2025-05-23,2025-05-23T19:00:00+00:00,laliga,Real Betis,Valencia,1 - 1,X,462877,453516,no_auditado
2025-05-24,2025-05-24T14:15:00+00:00,laliga,Real Madrid,Real Sociedad,2 - 0,1,461175,467132,no_auditado
2025-05-24,2025-05-24T16:30:00+00:00,laliga,Espanol,Las Palmas,2 - 0,1,460324,455218,no_auditado
2025-05-24,2025-05-24T16:30:00+00:00,laliga,Leganes,Valladolid,3 - 0,1,457771,613504,no_auditado
2025-05-24,2025-05-24T16:30:00+00:00,segunda,Albacete,Racing Ferrol,2 - 0,1,615206,8007843,no_auditado
2025-05-24,2025-05-24T19:00:00+00:00,laliga,Alavés,Osasuna,1 - 1,X,462026,619461,no_auditado
2025-05-24,2025-05-24T19:00:00+00:00,laliga,Getafe,Celta de Vigo,1 - 2,2,465430,458622,no_auditado
2025-05-24,2025-05-24T19:00:00+00:00,laliga,Rayo Vallecano,Mallorca,0 - 0,X,620312,679882,no_auditado
2025-05-25,2025-05-25T12:00:00+00:00,laliga,Girona,Atlético Madrid,0 - 4,2,466281,451814,no_auditado
2025-05-25,2025-05-25T14:15:00+00:00,laliga,Villarreal,Sevilla FC,4 - 2,1,454367,456920,no_auditado
2025-05-25,2025-05-25T16:30:00+00:00,segunda,Burgos,Levante,2 - 3,2,8153364,459473,no_auditado
2025-05-25,2025-05-25T16:30:00+00:00,segunda,Cadiz,Huesca,4 - 0,1,616908,618610,no_auditado
2025-05-25,2025-05-25T16:30:00+00:00,segunda,Eibar,Cordoba,4 - 1,1,464579,607547,no_auditado
2025-05-25,2025-05-25T16:30:00+00:00,segunda,Elche,Malaga,2 - 0,1,679031,456069,no_auditado
2025-05-25,2025-05-25T16:30:00+00:00,segunda,Eldense,Racing Santander,3 - 3,X,8248676,3970699,no_auditado
2025-05-25,2025-05-25T16:30:00+00:00,segunda,Granada CF,Castellón,2 - 1,1,609249,4471938,no_auditado
2025-05-25,2025-05-25T16:30:00+00:00,segunda,Mirandes,Almería,0 - 0,X,680733,616057,no_auditado
2025-05-25,2025-05-25T16:30:00+00:00,segunda,Sporting Gijón,FC Cartagena,3 - 2,1,622865,4478746,no_auditado
2025-05-25,2025-05-25T16:30:00+00:00,segunda,Tenerife,Oviedo,0 - 1,2,612653,611802,no_auditado
2025-05-25,2025-05-25T16:30:00+00:00,segunda,Zaragoza,Deportivo La Coruña,1 - 0,1,623716,463728,no_auditado
2025-05-25,2025-05-25T19:00:00+00:00,laliga,Ath Bilbao,Barcelona,0 - 3,2,452665,450963,no_auditado
2025-05-30,2025-05-30T18:30:00+00:00,segunda,Castellón,Zaragoza,4 - 1,1,4471938,623716,no_auditado
2025-05-31,2025-05-31T14:15:00+00:00,segunda,Racing Ferrol,Sporting Gijón,0 - 2,2,8007843,622865,no_auditado
2025-05-31,2025-05-31T16:30:00+00:00,segunda,Malaga,Burgos,2 - 2,X,456069,8153364,no_auditado
2025-06-01,2025-06-01T16:30:00+00:00,segunda,Almería,Tenerife,2 - 0,1,616057,612653,no_auditado
2025-06-01,2025-06-01T16:30:00+00:00,segunda,Deportivo La Coruña,Elche,0 - 4,2,463728,679031,no_auditado
2025-06-01,2025-06-01T16:30:00+00:00,segunda,FC Cartagena,Mirandes,1 - 3,2,4478746,680733,no_auditado
2025-06-01,2025-06-01T16:30:00+00:00,segunda,Huesca,Eldense,3 - 2,1,618610,8248676,no_auditado
2025-06-01,2025-06-01T16:30:00+00:00,segunda,Levante,Eibar,1 - 0,1,459473,464579,no_auditado
2025-06-01,2025-06-01T16:30:00+00:00,segunda,Oviedo,Cadiz,2 - 1,1,611802,616908,no_auditado
2025-06-01,2025-06-01T16:30:00+00:00,segunda,Racing Santander,Granada CF,2 - 1,1,3970699,609249,no_auditado
2025-06-01,2025-06-01T19:00:00+00:00,segunda,Cordoba,Albacete,1 - 1,X,607547,615206,no_auditado
2025-06-07,2025-06-07T19:00:00+00:00,segunda,Almería,Oviedo,1 - 2,2,616057,611802,no_auditado
2025-06-08,2025-06-08T16:30:00+00:00,segunda,Racing Santander,Mirandes,3 - 3,X,3970699,680733,no_auditado
2025-06-11,2025-06-11T19:00:00+00:00,segunda,Oviedo,Almería,1 - 1,X,611802,616057,no_auditado
2025-06-12,2025-06-12T19:00:00+00:00,segunda,Mirandes,Racing Santander,4 - 1,1,680733,3970699,no_auditado
2025-06-15,2025-06-15T17:00:00+00:00,segunda,Mirandes,Oviedo,1 - 0,1,680733,611802,no_auditado
2025-08-15,2025-08-15T17:00:00+00:00,laliga,Girona,Rayo Vallecano,1 - 3,2,466281,620312,no_auditado
2025-08-15,2025-08-15T19:30:00+00:00,laliga,Villarreal,Oviedo,2 - 0,1,454367,611802,no_auditado
2025-08-15,2025-08-15T19:30:00+00:00,segunda,Burgos,Cultural Leonesa,5 - 1,1,8153364,617759,no_auditado
2025-08-15,2025-08-15T19:30:00+00:00,segunda,Valladolid,AD Ceuta FC,3 - 0,1,613504,8629073,no_auditado
2025-08-16,2025-08-16T15:00:00+00:00,segunda,Racing Santander,Castellón,3 - 1,1,3970699,4471938,no_auditado
2025-08-16,2025-08-16T17:30:00+00:00,laliga,Mallorca,Barcelona,0 - 3,2,679882,450963,no_auditado
2025-08-16,2025-08-16T17:30:00+00:00,segunda,Malaga,Eibar,1 - 1,X,456069,464579,no_auditado
2025-08-16,2025-08-16T19:30:00+00:00,laliga,Alavés,Levante,2 - 1,1,462026,459473,no_auditado
2025-08-16,2025-08-16T19:30:00+00:00,laliga,Valencia,Real Sociedad,1 - 1,X,453516,467132,no_auditado
2025-08-16,2025-08-16T19:30:00+00:00,segunda,Granada CF,Deportivo La Coruña,1 - 3,2,609249,463728,no_auditado
2025-08-17,2025-08-17T15:00:00+00:00,laliga,Celta de Vigo,Getafe,0 - 2,2,458622,465430,no_auditado
2025-08-17,2025-08-17T15:00:00+00:00,segunda,Real Sociedad B,Zaragoza,1 - 0,1,8157619,623716,no_auditado
2025-08-17,2025-08-17T17:30:00+00:00,laliga,Ath Bilbao,Sevilla FC,3 - 2,1,452665,456920,no_auditado
2025-08-17,2025-08-17T17:30:00+00:00,segunda,Cadiz,Mirandes,1 - 0,1,616908,680733,no_auditado
2025-08-17,2025-08-17T19:30:00+00:00,laliga,Espanol,Atlético Madrid,2 - 1,1,460324,451814,no_auditado
2025-08-17,2025-08-17T19:30:00+00:00,segunda,Huesca,Leganes,1 - 1,X,618610,457771,no_auditado
2025-08-17,2025-08-17T19:30:00+00:00,segunda,Las Palmas,FC Andorra,1 - 1,X,455218,6942391,no_auditado
2025-08-18,2025-08-18T17:00:00+00:00,segunda,Sporting Gijón,Cordoba,2 - 1,1,622865,607547,no_auditado
2025-08-18,2025-08-18T19:00:00+00:00,laliga,Elche,Real Betis,1 - 1,X,679031,462877,no_auditado
2025-08-18,2025-08-18T19:30:00+00:00,segunda,Almería,Albacete,4 - 4,X,616057,615206,no_auditado
2025-08-19,2025-08-19T19:00:00+00:00,laliga,Real Madrid,Osasuna,1 - 0,1,461175,619461,no_auditado
2025-08-22,2025-08-22T17:30:00+00:00,segunda,Eibar,Granada CF,3 - 0,1,464579,609249,no_auditado
2025-08-22,2025-08-22T19:30:00+00:00,laliga,Real Betis,Alavés,1 - 0,1,462877,462026,no_auditado
2025-08-22,2025-08-22T19:30:00+00:00,segunda,Castellón,Valladolid,0 - 1,2,4471938,613504,no_auditado
2025-08-22,2025-08-22T19:30:00+00:00,segunda,Leganes,Cadiz,1 - 1,X,457771,616908,no_auditado
2025-08-23,2025-08-23T15:00:00+00:00,laliga,Mallorca,Celta de Vigo,1 - 1,X,679882,458622,no_auditado
2025-08-23,2025-08-23T15:00:00+00:00,segunda,Mirandes,Huesca,0 - 1,2,680733,618610,no_auditado
2025-08-23,2025-08-23T17:00:00+00:00,segunda,AD Ceuta FC,Sporting Gijón,0 - 1,2,8629073,622865,no_auditado
2025-08-23,2025-08-23T17:30:00+00:00,laliga,Atlético Madrid,Elche,1 - 1,X,451814,679031,no_auditado
2025-08-23,2025-08-23T19:30:00+00:00,laliga,Levante,Barcelona,2 - 3,2,459473,450963,no_auditado
2025-08-23,2025-08-23T19:30:00+00:00,segunda,Zaragoza,FC Andorra,1 - 3,2,623716,6942391,no_auditado
2025-08-24,2025-08-24T15:00:00+00:00,laliga,Osasuna,Valencia,1 - 0,1,619461,453516,no_auditado
2025-08-24,2025-08-24T15:00:00+00:00,segunda,Deportivo La Coruña,Burgos,0 - 0,X,463728,8153364,no_auditado
2025-08-24,2025-08-24T17:30:00+00:00,laliga,Real Sociedad,Espanol,2 - 2,X,467132,460324,no_auditado
2025-08-24,2025-08-24T17:30:00+00:00,laliga,Villarreal,Girona,5 - 0,1,454367,466281,no_auditado
2025-08-24,2025-08-24T17:30:00+00:00,segunda,Cultural Leonesa,Almería,0 - 1,2,617759,616057,no_auditado
2025-08-24,2025-08-24T19:30:00+00:00,laliga,Oviedo,Real Madrid,0 - 3,2,611802,461175,no_auditado
2025-08-24,2025-08-24T19:30:00+00:00,segunda,Malaga,Real Sociedad B,1 - 0,1,456069,8157619,no_auditado
2025-08-25,2025-08-25T17:30:00+00:00,laliga,Ath Bilbao,Rayo Vallecano,1 - 0,1,452665,620312,no_auditado
2025-08-25,2025-08-25T17:30:00+00:00,segunda,Albacete,Racing Santander,2 - 3,2,615206,3970699,no_auditado
2025-08-25,2025-08-25T19:30:00+00:00,laliga,Sevilla FC,Getafe,1 - 2,2,456920,465430,no_auditado
2025-08-25,2025-08-25T19:30:00+00:00,segunda,Cordoba,Las Palmas,1 - 3,2,607547,455218,no_auditado
2025-08-27,2025-08-27T19:00:00+00:00,laliga,Celta de Vigo,Real Betis,1 - 1,X,458622,462877,no_auditado
2025-08-29,2025-08-29T17:30:00+00:00,laliga,Elche,Levante,2 - 0,1,679031,459473,no_auditado
2025-08-29,2025-08-29T17:30:00+00:00,segunda,Real Sociedad B,Almería,2 - 2,X,8157619,616057,no_auditado
2025-08-29,2025-08-29T19:30:00+00:00,laliga,Valencia,Getafe,3 - 0,1,453516,465430,no_auditado
2025-08-29,2025-08-29T19:30:00+00:00,segunda,Sporting Gijón,Cultural Leonesa,1 - 0,1,622865,617759,no_auditado
2025-08-30,2025-08-30T15:00:00+00:00,laliga,Alavés,Atlético Madrid,1 - 1,X,462026,451814,no_auditado
2025-08-30,2025-08-30T15:00:00+00:00,segunda,Racing Santander,AD Ceuta FC,4 - 1,1,3970699,8629073,no_auditado
2025-08-30,2025-08-30T17:00:00+00:00,laliga,Oviedo,Real Sociedad,1 - 0,1,611802,467132,no_auditado
2025-08-30,2025-08-30T17:00:00+00:00,segunda,Valladolid,Cordoba,0 - 0,X,613504,607547,no_auditado
2025-08-30,2025-08-30T17:30:00+00:00,laliga,Girona,Sevilla FC,0 - 2,2,466281,456920,no_auditado
2025-08-30,2025-08-30T19:30:00+00:00,laliga,Real Madrid,Mallorca,2 - 1,1,461175,679882,no_auditado
2025-08-30,2025-08-30T19:30:00+00:00,segunda,Castellón,Zaragoza,1 - 1,X,4471938,623716,no_auditado
2025-08-31,2025-08-31T15:00:00+00:00,laliga,Celta de Vigo,Villarreal,1 - 1,X,458622,454367,no_auditado
2025-08-31,2025-08-31T15:00:00+00:00,segunda,Cadiz,Albacete,2 - 1,1,616908,615206,no_auditado
2025-08-31,2025-08-31T15:00:00+00:00,segunda,FC Andorra,Burgos,2 - 1,1,6942391,8153364,no_auditado
2025-08-31,2025-08-31T17:00:00+00:00,laliga,Real Betis,Ath Bilbao,1 - 2,2,462877,452665,no_auditado
2025-08-31,2025-08-31T17:30:00+00:00,laliga,Espanol,Osasuna,1 - 0,1,460324,619461,no_auditado
2025-08-31,2025-08-31T17:30:00+00:00,segunda,Las Palmas,Malaga,0 - 1,2,455218,456069,no_auditado
2025-08-31,2025-08-31T19:30:00+00:00,laliga,Rayo Vallecano,Barcelona,1 - 1,X,620312,450963,no_auditado
2025-08-31,2025-08-31T19:30:00+00:00,segunda,Granada CF,Mirandes,1 - 2,2,609249,680733,no_auditado
2025-09-01,2025-09-01T17:30:00+00:00,segunda,Huesca,Eibar,2 - 1,1,618610,464579,no_auditado
2025-09-01,2025-09-01T19:30:00+00:00,segunda,Leganes,Deportivo La Coruña,2 - 2,X,457771,463728,no_auditado
2025-09-05,2025-09-05T17:30:00+00:00,segunda,Albacete,Mirandes,1 - 4,2,615206,680733,no_auditado
2025-09-05,2025-09-05T19:30:00+00:00,segunda,Cordoba,Castellón,2 - 1,1,607547,4471938,no_auditado
2025-09-06,2025-09-06T14:15:00+00:00,segunda,Deportivo La Coruña,Sporting Gijón,1 - 0,1,463728,622865,no_auditado
2025-09-06,2025-09-06T16:30:00+00:00,segunda,Zaragoza,Valladolid,1 - 1,X,623716,613504,no_auditado
2025-09-06,2025-09-06T19:00:00+00:00,segunda,Malaga,Granada CF,2 - 2,X,456069,609249,no_auditado
2025-09-07,2025-09-07T12:00:00+00:00,segunda,AD Ceuta FC,Huesca,2 - 1,1,8629073,618610,no_auditado
2025-09-07,2025-09-07T14:15:00+00:00,segunda,Burgos,Las Palmas,0 - 0,X,8153364,455218,no_auditado
2025-09-07,2025-09-07T14:15:00+00:00,segunda,Real Sociedad B,Cadiz,3 - 3,X,8157619,616908,no_auditado
2025-09-07,2025-09-07T16:30:00+00:00,segunda,Almería,Racing Santander,2 - 3,2,616057,3970699,no_auditado
2025-09-07,2025-09-07T16:30:00+00:00,segunda,Cultural Leonesa,Leganes,0 - 0,X,617759,457771,no_auditado
2025-09-08,2025-09-08T18:30:00+00:00,segunda,Eibar,FC Andorra,2 - 0,1,464579,6942391,no_auditado
2025-09-12,2025-09-12T18:30:00+00:00,segunda,Las Palmas,Real Sociedad B,2 - 1,1,455218,8157619,no_auditado
2025-09-12,2025-09-12T19:00:00+00:00,laliga,Sevilla FC,Elche,2 - 2,X,456920,679031,no_auditado
2025-09-13,2025-09-13T12:00:00+00:00,laliga,Getafe,Oviedo,2 - 0,1,465430,611802,no_auditado
2025-09-13,2025-09-13T14:15:00+00:00,laliga,Real Sociedad,Real Madrid,1 - 2,2,467132,461175,no_auditado
2025-09-13,2025-09-13T14:15:00+00:00,segunda,Cadiz,Eibar,1 - 0,1,616908,464579,no_auditado
2025-09-13,2025-09-13T14:15:00+00:00,segunda,Mirandes,Deportivo La Coruña,1 - 5,2,680733,463728,no_auditado
2025-09-13,2025-09-13T16:30:00+00:00,laliga,Ath Bilbao,Alavés,0 - 1,2,452665,462026,no_auditado
2025-09-13,2025-09-13T16:30:00+00:00,segunda,Huesca,Malaga,1 - 0,1,618610,456069,no_auditado
2025-09-13,2025-09-13T19:00:00+00:00,laliga,Atlético Madrid,Villarreal,2 - 0,1,451814,454367,no_auditado
2025-09-13,2025-09-13T19:00:00+00:00,segunda,Valladolid,Almería,3 - 1,1,613504,616057,no_auditado
2025-09-14,2025-09-14T12:00:00+00:00,laliga,Celta de Vigo,Girona,1 - 1,X,458622,466281,no_auditado
2025-09-14,2025-09-14T12:00:00+00:00,segunda,FC Andorra,Cordoba,3 - 1,1,6942391,607547,no_auditado
2025-09-14,2025-09-14T14:15:00+00:00,laliga,Levante,Real Betis,2 - 2,X,459473,462877,no_auditado
2025-09-14,2025-09-14T14:15:00+00:00,segunda,Racing Santander,Cultural Leonesa,2 - 4,2,3970699,617759,no_auditado
2025-09-14,2025-09-14T16:30:00+00:00,laliga,Osasuna,Rayo Vallecano,2 - 0,1,619461,620312,no_auditado
2025-09-14,2025-09-14T16:30:00+00:00,segunda,Castellón,AD Ceuta FC,3 - 3,X,4471938,8629073,no_auditado
2025-09-14,2025-09-14T16:30:00+00:00,segunda,Sporting Gijón,Burgos,2 - 3,2,622865,8153364,no_auditado
2025-09-14,2025-09-14T19:00:00+00:00,laliga,Barcelona,Valencia,6 - 0,1,450963,453516,no_auditado
2025-09-14,2025-09-14T19:00:00+00:00,segunda,Granada CF,Leganes,0 - 2,2,609249,457771,no_auditado
2025-09-15,2025-09-15T18:30:00+00:00,segunda,Zaragoza,Albacete,0 - 0,X,623716,615206,no_auditado
2025-09-15,2025-09-15T19:00:00+00:00,laliga,Espanol,Mallorca,3 - 2,1,460324,679882,no_auditado
2025-09-19,2025-09-19T18:30:00+00:00,segunda,Deportivo La Coruña,Huesca,4 - 0,1,463728,618610,no_auditado
2025-09-19,2025-09-19T19:00:00+00:00,laliga,Real Betis,Real Sociedad,3 - 1,1,462877,467132,no_auditado
2025-09-20,2025-09-20T12:00:00+00:00,laliga,Girona,Levante,0 - 4,2,466281,459473,no_auditado
2025-09-20,2025-09-20T14:15:00+00:00,laliga,Real Madrid,Espanol,2 - 0,1,461175,460324,no_auditado
2025-09-20,2025-09-20T14:15:00+00:00,segunda,Cultural Leonesa,Castellón,1 - 3,2,617759,4471938,no_auditado
2025-09-20,2025-09-20T16:30:00+00:00,laliga,Alavés,Sevilla FC,1 - 2,2,462026,456920,no_auditado
2025-09-20,2025-09-20T16:30:00+00:00,laliga,Villarreal,Osasuna,2 - 1,1,454367,619461,no_auditado
2025-09-20,2025-09-20T16:30:00+00:00,segunda,FC Andorra,Mirandes,1 - 1,X,6942391,680733,no_auditado
2025-09-20,2025-09-20T16:30:00+00:00,segunda,Leganes,Las Palmas,0 - 1,2,457771,455218,no_auditado
2025-09-20,2025-09-20T19:00:00+00:00,laliga,Valencia,Ath Bilbao,2 - 0,1,453516,452665,no_auditado
2025-09-20,2025-09-20T19:00:00+00:00,segunda,Almería,Sporting Gijón,2 - 1,1,616057,622865,no_auditado
2025-09-21,2025-09-21T12:00:00+00:00,laliga,Rayo Vallecano,Celta de Vigo,1 - 1,X,620312,458622,no_auditado
2025-09-21,2025-09-21T12:00:00+00:00,segunda,AD Ceuta FC,Zaragoza,1 - 0,1,8629073,623716,no_auditado
2025-09-21,2025-09-21T14:15:00+00:00,laliga,Mallorca,Atlético Madrid,1 - 1,X,679882,451814,no_auditado
2025-09-21,2025-09-21T14:15:00+00:00,segunda,Albacete,Valladolid,2 - 0,1,615206,613504,no_auditado
2025-09-21,2025-09-21T16:30:00+00:00,laliga,Elche,Oviedo,1 - 0,1,679031,611802,no_auditado
2025-09-21,2025-09-21T16:30:00+00:00,segunda,Eibar,Real Sociedad B,2 - 1,1,464579,8157619,no_auditado
2025-09-21,2025-09-21T16:30:00+00:00,segunda,Malaga,Cadiz,0 - 1,2,456069,616908,no_auditado
2025-09-21,2025-09-21T19:00:00+00:00,laliga,Barcelona,Getafe,3 - 0,1,450963,465430,no_auditado
2025-09-21,2025-09-21T19:00:00+00:00,segunda,Cordoba,Racing Santander,2 - 2,X,607547,3970699,no_auditado
2025-09-22,2025-09-22T18:30:00+00:00,segunda,Burgos,Granada CF,1 - 1,X,8153364,609249,no_auditado
2025-09-23,2025-09-23T17:00:00+00:00,laliga,Ath Bilbao,Girona,1 - 1,X,452665,466281,no_auditado
2025-09-23,2025-09-23T17:00:00+00:00,laliga,Espanol,Valencia,2 - 2,X,460324,453516,no_auditado
2025-09-23,2025-09-23T19:30:00+00:00,laliga,Levante,Real Madrid,1 - 4,2,459473,461175,no_auditado
2025-09-23,2025-09-23T19:30:00+00:00,laliga,Sevilla FC,Villarreal,1 - 2,2,456920,454367,no_auditado
2025-09-24,2025-09-24T17:00:00+00:00,laliga,Getafe,Alavés,1 - 1,X,465430,462026,no_auditado
2025-09-24,2025-09-24T19:30:00+00:00,laliga,Atlético Madrid,Rayo Vallecano,3 - 2,1,451814,620312,no_auditado
2025-09-24,2025-09-24T19:30:00+00:00,laliga,Real Sociedad,Mallorca,1 - 0,1,467132,679882,no_auditado
2025-09-25,2025-09-25T17:30:00+00:00,laliga,Osasuna,Elche,1 - 1,X,619461,679031,no_auditado
2025-09-25,2025-09-25T19:30:00+00:00,laliga,Oviedo,Barcelona,1 - 3,2,611802,450963,no_auditado
2025-09-26,2025-09-26T18:30:00+00:00,segunda,Mirandes,Zaragoza,0 - 1,2,680733,623716,no_auditado
2025-09-26,2025-09-26T19:00:00+00:00,laliga,Girona,Espanol,0 - 0,X,466281,460324,no_auditado
2025-09-27,2025-09-27T12:00:00+00:00,laliga,Getafe,Levante,1 - 1,X,465430,459473,no_auditado
2025-09-27,2025-09-27T14:15:00+00:00,laliga,Atlético Madrid,Real Madrid,5 - 2,1,451814,461175,no_auditado
2025-09-27,2025-09-27T16:30:00+00:00,laliga,Mallorca,Alavés,1 - 0,1,679882,462026,no_auditado
2025-09-27,2025-09-27T16:30:00+00:00,segunda,Eibar,Deportivo La Coruña,1 - 1,X,464579,463728,no_auditado
2025-09-27,2025-09-27T16:30:00+00:00,segunda,Racing Santander,FC Andorra,1 - 2,2,3970699,6942391,no_auditado
2025-09-27,2025-09-27T19:00:00+00:00,laliga,Villarreal,Ath Bilbao,1 - 0,1,454367,452665,no_auditado
2025-09-27,2025-09-27T19:00:00+00:00,segunda,Las Palmas,Almería,0 - 1,2,455218,616057,no_auditado
2025-09-28,2025-09-28T12:00:00+00:00,laliga,Rayo Vallecano,Sevilla FC,0 - 1,2,620312,456920,no_auditado
2025-09-28,2025-09-28T12:00:00+00:00,segunda,Real Sociedad B,Cordoba,1 - 1,X,8157619,607547,no_auditado
2025-09-28,2025-09-28T14:15:00+00:00,laliga,Elche,Celta de Vigo,2 - 1,1,679031,458622,no_auditado
2025-09-28,2025-09-28T14:15:00+00:00,segunda,Burgos,Malaga,2 - 1,1,8153364,456069,no_auditado
2025-09-28,2025-09-28T14:15:00+00:00,segunda,Cadiz,AD Ceuta FC,0 - 0,X,616908,8629073,no_auditado
2025-09-28,2025-09-28T16:30:00+00:00,laliga,Barcelona,Real Sociedad,2 - 1,1,450963,467132,no_auditado
2025-09-28,2025-09-28T16:30:00+00:00,segunda,Sporting Gijón,Albacete,3 - 4,2,622865,615206,no_auditado
2025-09-28,2025-09-28T16:30:00+00:00,segunda,Valladolid,Cultural Leonesa,0 - 1,2,613504,617759,no_auditado
2025-09-28,2025-09-28T19:00:00+00:00,laliga,Real Betis,Osasuna,2 - 0,1,462877,619461,no_auditado
2025-09-28,2025-09-28T19:00:00+00:00,segunda,Huesca,Granada CF,0 - 1,2,618610,609249,no_auditado
2025-09-29,2025-09-29T18:30:00+00:00,segunda,Leganes,Castellón,0 - 1,2,457771,4471938,no_auditado
2025-09-30,2025-09-30T18:00:00+00:00,laliga,Valencia,Oviedo,1 - 2,2,453516,611802,no_auditado
2025-10-03,2025-10-03T18:30:00+00:00,segunda,AD Ceuta FC,Eibar,1 - 0,1,8629073,464579,no_auditado
2025-10-03,2025-10-03T19:00:00+00:00,laliga,Osasuna,Getafe,2 - 1,1,619461,465430,no_auditado
2025-10-04,2025-10-04T12:00:00+00:00,laliga,Oviedo,Levante,0 - 2,2,611802,459473,no_auditado
2025-10-04,2025-10-04T14:15:00+00:00,laliga,Girona,Valencia,2 - 1,1,466281,453516,no_auditado
2025-10-04,2025-10-04T14:15:00+00:00,segunda,Deportivo La Coruña,Almería,1 - 1,X,463728,616057,no_auditado
2025-10-04,2025-10-04T16:30:00+00:00,laliga,Ath Bilbao,Mallorca,2 - 1,1,452665,679882,no_auditado
2025-10-04,2025-10-04T16:30:00+00:00,segunda,FC Andorra,Leganes,1 - 2,2,6942391,457771,no_auditado
2025-10-04,2025-10-04T16:30:00+00:00,segunda,Huesca,Burgos,2 - 1,1,618610,8153364,no_auditado
2025-10-04,2025-10-04T19:00:00+00:00,laliga,Real Madrid,Villarreal,3 - 1,1,461175,454367,no_auditado
2025-10-04,2025-10-04T19:00:00+00:00,segunda,Granada CF,Real Sociedad B,5 - 2,1,609249,8157619,no_auditado
2025-10-05,2025-10-05T12:00:00+00:00,laliga,Alavés,Elche,3 - 1,1,462026,679031,no_auditado
2025-10-05,2025-10-05T12:00:00+00:00,segunda,Zaragoza,Cordoba,0 - 1,2,623716,607547,no_auditado
2025-10-05,2025-10-05T14:15:00+00:00,laliga,Sevilla FC,Barcelona,4 - 1,1,456920,450963,no_auditado
2025-10-05,2025-10-05T14:15:00+00:00,segunda,Castellón,Sporting Gijón,3 - 1,1,4471938,622865,no_auditado
2025-10-05,2025-10-05T16:30:00+00:00,laliga,Espanol,Real Betis,1 - 2,2,460324,462877,no_auditado
2025-10-05,2025-10-05T16:30:00+00:00,laliga,Real Sociedad,Rayo Vallecano,0 - 1,2,467132,620312,no_auditado
2025-10-05,2025-10-05T16:30:00+00:00,segunda,Racing Santander,Malaga,3 - 0,1,3970699,456069,no_auditado
2025-10-05,2025-10-05T16:30:00+00:00,segunda,Valladolid,Mirandes,1 - 1,X,613504,680733,no_auditado
2025-10-05,2025-10-05T19:00:00+00:00,laliga,Celta de Vigo,Atlético Madrid,1 - 1,X,458622,451814,no_auditado
2025-10-05,2025-10-05T19:00:00+00:00,segunda,Las Palmas,Cadiz,1 - 0,1,455218,616908,no_auditado
2025-10-06,2025-10-06T18:30:00+00:00,segunda,Cultural Leonesa,Albacete,0 - 0,X,617759,615206,no_auditado
2025-10-10,2025-10-10T18:30:00+00:00,segunda,Granada CF,Las Palmas,0 - 0,X,609249,455218,no_auditado
2025-10-11,2025-10-11T14:15:00+00:00,segunda,Mirandes,Leganes,0 - 0,X,680733,457771,no_auditado
2025-10-11,2025-10-11T16:30:00+00:00,segunda,Almería,Zaragoza,4 - 2,1,616057,623716,no_auditado
2025-10-11,2025-10-11T16:30:00+00:00,segunda,Real Sociedad B,FC Andorra,3 - 0,1,8157619,6942391,no_auditado
2025-10-12,2025-10-12T12:00:00+00:00,segunda,Albacete,AD Ceuta FC,0 - 0,X,615206,8629073,no_auditado
2025-10-12,2025-10-12T14:15:00+00:00,segunda,Eibar,Castellón,0 - 0,X,464579,4471938,no_auditado
2025-10-12,2025-10-12T14:15:00+00:00,segunda,Sporting Gijón,Racing Santander,2 - 1,1,622865,3970699,no_auditado
2025-10-12,2025-10-12T16:30:00+00:00,segunda,Burgos,Valladolid,0 - 1,2,8153364,613504,no_auditado
2025-10-12,2025-10-12T16:30:00+00:00,segunda,Cadiz,Huesca,1 - 0,1,616908,618610,no_auditado
2025-10-12,2025-10-12T19:00:00+00:00,segunda,Malaga,Deportivo La Coruña,3 - 0,1,456069,463728,no_auditado
2025-10-13,2025-10-13T18:30:00+00:00,segunda,Cordoba,Cultural Leonesa,1 - 0,1,607547,617759,no_auditado
2025-10-17,2025-10-17T18:30:00+00:00,segunda,FC Andorra,Granada CF,0 - 0,X,6942391,609249,no_auditado
2025-10-17,2025-10-17T19:00:00+00:00,laliga,Oviedo,Espanol,0 - 2,2,611802,460324,no_auditado
2025-10-18,2025-10-18T12:00:00+00:00,laliga,Sevilla FC,Mallorca,1 - 3,2,456920,679882,no_auditado
2025-10-18,2025-10-18T14:15:00+00:00,laliga,Barcelona,Girona,2 - 1,1,450963,466281,no_auditado
2025-10-18,2025-10-18T14:15:00+00:00,segunda,AD Ceuta FC,Mirandes,2 - 0,1,8629073,680733,no_auditado
2025-10-18,2025-10-18T16:30:00+00:00,laliga,Villarreal,Real Betis,2 - 2,X,454367,462877,no_auditado
2025-10-18,2025-10-18T16:30:00+00:00,segunda,Zaragoza,Cultural Leonesa,0 - 5,2,623716,617759,no_auditado
2025-10-18,2025-10-18T19:00:00+00:00,laliga,Atlético Madrid,Osasuna,1 - 0,1,451814,619461,no_auditado
2025-10-19,2025-10-19T12:00:00+00:00,laliga,Elche,Ath Bilbao,0 - 0,X,679031,452665,no_auditado
2025-10-19,2025-10-19T12:00:00+00:00,segunda,Leganes,Malaga,2 - 0,1,457771,456069,no_auditado
2025-10-19,2025-10-19T14:15:00+00:00,laliga,Celta de Vigo,Real Sociedad,1 - 1,X,458622,467132,no_auditado
2025-10-19,2025-10-19T14:15:00+00:00,segunda,Castellón,Albacete,0 - 1,2,4471938,615206,no_auditado
2025-10-19,2025-10-19T14:15:00+00:00,segunda,Valladolid,Sporting Gijón,2 - 3,2,613504,622865,no_auditado
2025-10-19,2025-10-19T16:30:00+00:00,laliga,Levante,Rayo Vallecano,0 - 3,2,459473,620312,no_auditado
2025-10-19,2025-10-19T16:30:00+00:00,segunda,Cordoba,Almería,1 - 1,X,607547,616057,no_auditado
2025-10-19,2025-10-19T16:30:00+00:00,segunda,Racing Santander,Deportivo La Coruña,2 - 1,1,3970699,463728,no_auditado
2025-10-19,2025-10-19T19:00:00+00:00,laliga,Getafe,Real Madrid,0 - 1,2,465430,461175,no_auditado
2025-10-19,2025-10-19T19:00:00+00:00,segunda,Las Palmas,Eibar,3 - 1,1,455218,464579,no_auditado
2025-10-20,2025-10-20T18:30:00+00:00,segunda,Cadiz,Burgos,1 - 3,2,616908,8153364,no_auditado
2025-10-20,2025-10-20T19:00:00+00:00,laliga,Alavés,Valencia,0 - 0,X,462026,453516,no_auditado
2025-10-24,2025-10-24T18:30:00+00:00,segunda,Huesca,Las Palmas,1 - 1,X,618610,455218,no_auditado
2025-10-24,2025-10-24T19:00:00+00:00,laliga,Real Sociedad,Sevilla FC,2 - 1,1,467132,456920,no_auditado
2025-10-25,2025-10-25T12:00:00+00:00,laliga,Girona,Oviedo,3 - 3,X,466281,611802,no_auditado
2025-10-25,2025-10-25T12:00:00+00:00,segunda,Cultural Leonesa,AD Ceuta FC,0 - 1,2,617759,8629073,no_auditado
2025-10-25,2025-10-25T14:15:00+00:00,laliga,Espanol,Elche,1 - 0,1,460324,679031,no_auditado
2025-10-25,2025-10-25T14:15:00+00:00,segunda,Albacete,Cordoba,1 - 3,2,615206,607547,no_auditado
2025-10-25,2025-10-25T14:15:00+00:00,segunda,Eibar,Leganes,0 - 0,X,464579,457771,no_auditado
2025-10-25,2025-10-25T16:30:00+00:00,laliga,Ath Bilbao,Getafe,0 - 1,2,452665,465430,no_auditado
2025-10-25,2025-10-25T16:30:00+00:00,segunda,Burgos,Real Sociedad B,1 - 0,1,8153364,8157619,no_auditado
2025-10-25,2025-10-25T16:30:00+00:00,segunda,Granada CF,Cadiz,0 - 0,X,609249,616908,no_auditado
2025-10-25,2025-10-25T19:00:00+00:00,laliga,Valencia,Villarreal,0 - 2,2,453516,454367,no_auditado
2025-10-25,2025-10-25T19:00:00+00:00,segunda,Mirandes,Racing Santander,1 - 3,2,680733,3970699,no_auditado
2025-10-26,2025-10-26T13:00:00+00:00,laliga,Mallorca,Levante,1 - 1,X,679882,459473,no_auditado
2025-10-26,2025-10-26T13:00:00+00:00,segunda,Malaga,FC Andorra,4 - 1,1,456069,6942391,no_auditado
2025-10-26,2025-10-26T15:15:00+00:00,laliga,Real Madrid,Barcelona,2 - 1,1,461175,450963,no_auditado
2025-10-26,2025-10-26T17:30:00+00:00,laliga,Osasuna,Celta de Vigo,2 - 3,2,619461,458622,no_auditado
2025-10-26,2025-10-26T17:30:00+00:00,segunda,Almería,Castellón,1 - 0,1,616057,4471938,no_auditado
2025-10-26,2025-10-26T17:30:00+00:00,segunda,Sporting Gijón,Zaragoza,1 - 0,1,622865,623716,no_auditado
2025-10-26,2025-10-26T20:00:00+00:00,laliga,Rayo Vallecano,Alavés,1 - 0,1,620312,462026,no_auditado
2025-10-26,2025-10-26T20:00:00+00:00,segunda,Deportivo La Coruña,Valladolid,1 - 1,X,463728,613504,no_auditado
2025-10-27,2025-10-27T20:00:00+00:00,laliga,Real Betis,Atlético Madrid,0 - 2,2,462877,451814,no_auditado
2025-10-31,2025-10-31T19:30:00+00:00,segunda,Racing Santander,Real Sociedad B,1 - 0,1,3970699,8157619,no_auditado
2025-10-31,2025-10-31T20:00:00+00:00,laliga,Getafe,Girona,2 - 1,1,465430,466281,no_auditado
2025-11-01,2025-11-01T13:00:00+00:00,laliga,Villarreal,Rayo Vallecano,4 - 0,1,454367,620312,no_auditado
2025-11-01,2025-11-01T15:15:00+00:00,laliga,Atlético Madrid,Sevilla FC,3 - 0,1,451814,456920,no_auditado
2025-11-01,2025-11-01T15:15:00+00:00,segunda,Cultural Leonesa,Mirandes,3 - 2,1,617759,680733,no_auditado
2025-11-01,2025-11-01T17:30:00+00:00,laliga,Real Sociedad,Ath Bilbao,3 - 2,1,467132,452665,no_auditado
2025-11-01,2025-11-01T17:30:00+00:00,segunda,Albacete,Huesca,2 - 1,1,615206,618610,no_auditado
2025-11-01,2025-11-01T17:30:00+00:00,segunda,Leganes,Burgos,1 - 2,2,457771,8153364,no_auditado
2025-11-01,2025-11-01T20:00:00+00:00,laliga,Real Madrid,Valencia,4 - 0,1,461175,453516,no_auditado
2025-11-01,2025-11-01T20:00:00+00:00,segunda,Almería,Eibar,3 - 1,1,616057,464579,no_auditado
2025-11-02,2025-11-02T13:00:00+00:00,laliga,Levante,Celta de Vigo,1 - 2,2,459473,458622,no_auditado
2025-11-02,2025-11-02T13:00:00+00:00,segunda,FC Andorra,Cadiz,0 - 0,X,6942391,616908,no_auditado
2025-11-02,2025-11-02T15:15:00+00:00,laliga,Alavés,Espanol,2 - 1,1,462026,460324,no_auditado
2025-11-02,2025-11-02T15:15:00+00:00,segunda,Cordoba,AD Ceuta FC,2 - 0,1,607547,8629073,no_auditado
2025-11-02,2025-11-02T15:15:00+00:00,segunda,Sporting Gijón,Las Palmas,0 - 0,X,622865,455218,no_auditado
2025-11-02,2025-11-02T17:30:00+00:00,laliga,Barcelona,Elche,3 - 1,1,450963,679031,no_auditado
2025-11-02,2025-11-02T17:30:00+00:00,segunda,Castellón,Malaga,2 - 1,1,4471938,456069,no_auditado
2025-11-02,2025-11-02T20:00:00+00:00,laliga,Real Betis,Mallorca,3 - 0,1,462877,679882,no_auditado
2025-11-02,2025-11-02T20:00:00+00:00,segunda,Zaragoza,Deportivo La Coruña,0 - 2,2,623716,463728,no_auditado
2025-11-03,2025-11-03T19:30:00+00:00,segunda,Valladolid,Granada CF,2 - 1,1,613504,609249,no_auditado
2025-11-03,2025-11-03T20:00:00+00:00,laliga,Oviedo,Osasuna,0 - 0,X,611802,619461,no_auditado
2025-11-05,2025-11-05T19:00:00+00:00,segunda,Real Sociedad B,Huesca,2 - 0,1,8157619,618610,no_auditado
2025-11-07,2025-11-07T19:30:00+00:00,segunda,Mirandes,Sporting Gijón,2 - 1,1,680733,622865,no_auditado
2025-11-07,2025-11-07T20:00:00+00:00,laliga,Elche,Real Sociedad,1 - 1,X,679031,467132,no_auditado
2025-11-08,2025-11-08T13:00:00+00:00,laliga,Girona,Alavés,1 - 0,1,466281,462026,no_auditado
2025-11-08,2025-11-08T13:00:00+00:00,segunda,Real Sociedad B,Leganes,2 - 1,1,8157619,457771,no_auditado
2025-11-08,2025-11-08T15:15:00+00:00,laliga,Sevilla FC,Osasuna,1 - 0,1,456920,619461,no_auditado
2025-11-08,2025-11-08T15:15:00+00:00,segunda,Eibar,Albacete,3 - 2,1,464579,615206,no_auditado
2025-11-08,2025-11-08T15:15:00+00:00,segunda,Huesca,FC Andorra,2 - 2,X,618610,6942391,no_auditado
2025-11-08,2025-11-08T17:30:00+00:00,laliga,Atlético Madrid,Levante,3 - 1,1,451814,459473,no_auditado
2025-11-08,2025-11-08T17:30:00+00:00,segunda,Deportivo La Coruña,Cultural Leonesa,3 - 0,1,463728,617759,no_auditado
2025-11-08,2025-11-08T20:00:00+00:00,laliga,Espanol,Villarreal,0 - 2,2,460324,454367,no_auditado
2025-11-08,2025-11-08T20:00:00+00:00,segunda,Malaga,Cordoba,2 - 2,X,456069,607547,no_auditado
2025-11-09,2025-11-09T13:00:00+00:00,laliga,Ath Bilbao,Oviedo,1 - 0,1,452665,611802,no_auditado
2025-11-09,2025-11-09T13:00:00+00:00,segunda,Las Palmas,Racing Santander,3 - 1,1,455218,3970699,no_auditado
2025-11-09,2025-11-09T15:15:00+00:00,laliga,Rayo Vallecano,Real Madrid,0 - 0,X,620312,461175,no_auditado
2025-11-09,2025-11-09T17:30:00+00:00,laliga,Mallorca,Getafe,1 - 0,1,679882,465430,no_auditado
2025-11-09,2025-11-09T17:30:00+00:00,laliga,Valencia,Real Betis,1 - 1,X,453516,462877,no_auditado
2025-11-09,2025-11-09T17:30:00+00:00,segunda,Granada CF,Zaragoza,3 - 1,1,609249,623716,no_auditado
2025-11-09,2025-11-09T20:00:00+00:00,laliga,Celta de Vigo,Barcelona,2 - 4,2,458622,450963,no_auditado
2025-11-09,2025-11-09T20:00:00+00:00,segunda,Cadiz,Valladolid,0 - 0,X,616908,613504,no_auditado
2025-11-10,2025-11-10T19:30:00+00:00,segunda,Burgos,Castellón,0 - 0,X,8153364,4471938,no_auditado
2025-11-14,2025-11-14T19:30:00+00:00,segunda,Valladolid,Las Palmas,0 - 1,2,613504,455218,no_auditado
2025-11-15,2025-11-15T15:00:00+00:00,segunda,Albacete,FC Andorra,1 - 0,1,615206,6942391,no_auditado
2025-11-15,2025-11-15T15:00:00+00:00,segunda,Castellón,Real Sociedad B,5 - 4,1,4471938,8157619,no_auditado
2025-11-15,2025-11-15T20:00:00+00:00,segunda,Racing Santander,Granada CF,2 - 2,X,3970699,609249,no_auditado
2025-11-16,2025-11-16T13:00:00+00:00,segunda,AD Ceuta FC,Leganes,1 - 2,2,8629073,457771,no_auditado
2025-11-16,2025-11-16T15:15:00+00:00,segunda,Almería,Cadiz,3 - 0,1,616057,616908,no_auditado
2025-11-16,2025-11-16T15:15:00+00:00,segunda,Sporting Gijón,Eibar,1 - 1,X,622865,464579,no_auditado
2025-11-16,2025-11-16T17:30:00+00:00,segunda,Cordoba,Deportivo La Coruña,1 - 3,2,607547,463728,no_auditado
2025-11-16,2025-11-16T17:30:00+00:00,segunda,Mirandes,Burgos,0 - 2,2,680733,8153364,no_auditado
2025-11-16,2025-11-16T20:00:00+00:00,segunda,Zaragoza,Huesca,1 - 0,1,623716,618610,no_auditado
2025-11-17,2025-11-17T19:30:00+00:00,segunda,Cultural Leonesa,Malaga,1 - 0,1,617759,456069,no_auditado
2025-11-21,2025-11-21T19:30:00+00:00,segunda,Las Palmas,Albacete,2 - 1,1,455218,615206,no_auditado
2025-11-21,2025-11-21T20:00:00+00:00,laliga,Valencia,Levante,1 - 0,1,453516,459473,no_auditado
2025-11-22,2025-11-22T13:00:00+00:00,laliga,Alavés,Celta de Vigo,0 - 1,2,462026,458622,no_auditado
2025-11-22,2025-11-22T15:15:00+00:00,laliga,Barcelona,Ath Bilbao,4 - 0,1,450963,452665,no_auditado
2025-11-22,2025-11-22T15:15:00+00:00,segunda,FC Andorra,Castellón,1 - 3,2,6942391,4471938,no_auditado
2025-11-22,2025-11-22T17:30:00+00:00,laliga,Osasuna,Real Sociedad,1 - 3,2,619461,467132,no_auditado
2025-11-22,2025-11-22T17:30:00+00:00,segunda,Eibar,Zaragoza,1 - 2,2,464579,623716,no_auditado
2025-11-22,2025-11-22T17:30:00+00:00,segunda,Leganes,Almería,0 - 3,2,457771,616057,no_auditado
2025-11-22,2025-11-22T20:00:00+00:00,laliga,Villarreal,Mallorca,2 - 1,1,454367,679882,no_auditado
2025-11-22,2025-11-22T20:00:00+00:00,segunda,Granada CF,Cordoba,1 - 1,X,609249,607547,no_auditado
2025-11-23,2025-11-23T13:00:00+00:00,laliga,Oviedo,Rayo Vallecano,0 - 0,X,611802,620312,no_auditado
2025-11-23,2025-11-23T13:00:00+00:00,segunda,Deportivo La Coruña,AD Ceuta FC,2 - 1,1,463728,8629073,no_auditado
2025-11-23,2025-11-23T15:15:00+00:00,laliga,Real Betis,Girona,1 - 1,X,462877,466281,no_auditado
2025-11-23,2025-11-23T15:15:00+00:00,segunda,Cadiz,Cultural Leonesa,1 - 2,2,616908,617759,no_auditado
2025-11-23,2025-11-23T15:15:00+00:00,segunda,Huesca,Sporting Gijón,2 - 0,1,618610,622865,no_auditado
2025-11-23,2025-11-23T17:30:00+00:00,laliga,Getafe,Atlético Madrid,0 - 1,2,465430,451814,no_auditado
2025-11-23,2025-11-23T17:30:00+00:00,segunda,Burgos,Racing Santander,0 - 2,2,8153364,3970699,no_auditado
2025-11-23,2025-11-23T20:00:00+00:00,laliga,Elche,Real Madrid,2 - 2,X,679031,461175,no_auditado
2025-11-23,2025-11-23T20:00:00+00:00,segunda,Malaga,Mirandes,3 - 2,1,456069,680733,no_auditado
2025-11-24,2025-11-24T19:30:00+00:00,segunda,Real Sociedad B,Valladolid,1 - 0,1,8157619,613504,no_auditado
2025-11-24,2025-11-24T20:00:00+00:00,laliga,Espanol,Sevilla FC,2 - 1,1,460324,456920,no_auditado
2025-11-26,2025-11-26T18:00:00+00:00,segunda,AD Ceuta FC,Almería,3 - 2,1,8629073,616057,no_auditado
2025-11-28,2025-11-28T19:30:00+00:00,segunda,Sporting Gijón,FC Andorra,1 - 1,X,622865,6942391,no_auditado
2025-11-28,2025-11-28T20:00:00+00:00,laliga,Getafe,Elche,1 - 0,1,465430,679031,no_auditado
2025-11-29,2025-11-29T13:00:00+00:00,laliga,Mallorca,Osasuna,2 - 2,X,679882,619461,no_auditado
2025-11-29,2025-11-29T13:00:00+00:00,segunda,AD Ceuta FC,Burgos,1 - 0,1,8629073,8153364,no_auditado
2025-11-29,2025-11-29T15:15:00+00:00,laliga,Barcelona,Alavés,3 - 1,1,450963,462026,no_auditado
2025-11-29,2025-11-29T15:15:00+00:00,segunda,Cultural Leonesa,Granada CF,0 - 1,2,617759,609249,no_auditado
2025-11-29,2025-11-29T17:30:00+00:00,laliga,Levante,Ath Bilbao,0 - 2,2,459473,452665,no_auditado
2025-11-29,2025-11-29T17:30:00+00:00,segunda,Albacete,Deportivo La Coruña,0 - 2,2,615206,463728,no_auditado
2025-11-29,2025-11-29T17:30:00+00:00,segunda,Almería,Huesca,0 - 0,X,616057,618610,no_auditado
2025-11-29,2025-11-29T20:00:00+00:00,laliga,Atlético Madrid,Oviedo,2 - 0,1,451814,611802,no_auditado
2025-11-29,2025-11-29T20:00:00+00:00,segunda,Valladolid,Malaga,1 - 1,X,613504,456069,no_auditado
2025-11-30,2025-11-30T13:00:00+00:00,laliga,Real Sociedad,Villarreal,2 - 3,2,467132,454367,no_auditado
2025-11-30,2025-11-30T13:00:00+00:00,segunda,Zaragoza,Leganes,3 - 2,1,623716,457771,no_auditado
2025-11-30,2025-11-30T15:15:00+00:00,laliga,Sevilla FC,Real Betis,0 - 2,2,456920,462877,no_auditado
2025-11-30,2025-11-30T15:15:00+00:00,segunda,Racing Santander,Eibar,4 - 0,1,3970699,464579,no_auditado
2025-11-30,2025-11-30T17:30:00+00:00,laliga,Celta de Vigo,Espanol,0 - 1,2,458622,460324,no_auditado
2025-11-30,2025-11-30T17:30:00+00:00,segunda,Cordoba,Cadiz,1 - 2,2,607547,616908,no_auditado
2025-11-30,2025-11-30T17:30:00+00:00,segunda,Mirandes,Real Sociedad B,1 - 0,1,680733,8157619,no_auditado
2025-11-30,2025-11-30T20:00:00+00:00,laliga,Girona,Real Madrid,1 - 1,X,466281,461175,no_auditado
2025-11-30,2025-11-30T20:00:00+00:00,segunda,Castellón,Las Palmas,1 - 0,1,4471938,455218,no_auditado
2025-12-01,2025-12-01T20:00:00+00:00,laliga,Rayo Vallecano,Valencia,1 - 1,X,620312,453516,no_auditado
2025-12-02,2025-12-02T20:00:00+00:00,laliga,Barcelona,Atlético Madrid,3 - 1,1,450963,451814,no_auditado
2025-12-03,2025-12-03T18:00:00+00:00,laliga,Ath Bilbao,Real Madrid,0 - 3,2,452665,461175,no_auditado
2025-12-05,2025-12-05T20:00:00+00:00,laliga,Oviedo,Mallorca,0 - 0,X,611802,679882,no_auditado
2025-12-06,2025-12-06T13:00:00+00:00,laliga,Villarreal,Getafe,2 - 0,1,454367,465430,no_auditado
2025-12-06,2025-12-06T13:00:00+00:00,segunda,FC Andorra,Almería,1 - 2,2,6942391,616057,no_auditado
2025-12-06,2025-12-06T15:15:00+00:00,laliga,Alavés,Real Sociedad,1 - 0,1,462026,467132,no_auditado
2025-12-06,2025-12-06T15:15:00+00:00,segunda,Huesca,Valladolid,1 - 4,2,618610,613504,no_auditado
2025-12-06,2025-12-06T17:30:00+00:00,laliga,Real Betis,Barcelona,3 - 5,2,462877,450963,no_auditado
2025-12-06,2025-12-06T17:30:00+00:00,segunda,Real Sociedad B,Sporting Gijón,0 - 1,2,8157619,622865,no_auditado
2025-12-06,2025-12-06T20:00:00+00:00,laliga,Ath Bilbao,Atlético Madrid,1 - 0,1,452665,451814,no_auditado
2025-12-07,2025-12-07T13:00:00+00:00,laliga,Elche,Girona,3 - 0,1,679031,466281,no_auditado
2025-12-07,2025-12-07T13:00:00+00:00,segunda,Cadiz,Racing Santander,2 - 3,2,616908,3970699,no_auditado
2025-12-07,2025-12-07T15:15:00+00:00,laliga,Valencia,Sevilla FC,1 - 1,X,453516,456920,no_auditado
2025-12-07,2025-12-07T15:15:00+00:00,segunda,Leganes,Cordoba,0 - 0,X,457771,607547,no_auditado
2025-12-07,2025-12-07T17:30:00+00:00,laliga,Espanol,Rayo Vallecano,1 - 0,1,460324,620312,no_auditado
2025-12-07,2025-12-07T17:30:00+00:00,segunda,Deportivo La Coruña,Castellón,1 - 3,2,463728,4471938,no_auditado
2025-12-07,2025-12-07T17:30:00+00:00,segunda,Eibar,Cultural Leonesa,1 - 2,2,464579,617759,no_auditado
2025-12-07,2025-12-07T20:00:00+00:00,laliga,Real Madrid,Celta de Vigo,0 - 2,2,461175,458622,no_auditado
2025-12-07,2025-12-07T20:00:00+00:00,segunda,Granada CF,AD Ceuta FC,1 - 1,X,609249,8629073,no_auditado
2025-12-08,2025-12-08T15:15:00+00:00,segunda,Burgos,Albacete,0 - 1,2,8153364,615206,no_auditado
2025-12-08,2025-12-08T17:30:00+00:00,segunda,Las Palmas,Mirandes,0 - 0,X,455218,680733,no_auditado
2025-12-08,2025-12-08T19:30:00+00:00,segunda,Malaga,Zaragoza,1 - 1,X,456069,623716,no_auditado
2025-12-08,2025-12-08T20:00:00+00:00,laliga,Osasuna,Levante,2 - 0,1,619461,459473,no_auditado
2025-12-12,2025-12-12T19:30:00+00:00,segunda,Cultural Leonesa,Huesca,0 - 2,2,617759,618610,no_auditado
2025-12-12,2025-12-12T20:00:00+00:00,laliga,Real Sociedad,Girona,1 - 2,2,467132,466281,no_auditado
2025-12-13,2025-12-13T13:00:00+00:00,laliga,Atlético Madrid,Valencia,2 - 1,1,451814,453516,no_auditado
2025-12-13,2025-12-13T13:00:00+00:00,segunda,Cordoba,Eibar,0 - 0,X,607547,464579,no_auditado
2025-12-13,2025-12-13T15:15:00+00:00,laliga,Mallorca,Elche,3 - 1,1,679882,679031,no_auditado
2025-12-13,2025-12-13T15:15:00+00:00,segunda,Sporting Gijón,Granada CF,1 - 0,1,622865,609249,no_auditado
2025-12-13,2025-12-13T15:15:00+00:00,segunda,Valladolid,FC Andorra,0 - 1,2,613504,6942391,no_auditado
2025-12-13,2025-12-13T17:30:00+00:00,laliga,Barcelona,Osasuna,2 - 0,1,450963,619461,no_auditado
2025-12-13,2025-12-13T17:30:00+00:00,segunda,Racing Santander,Leganes,1 - 1,X,3970699,457771,no_auditado
2025-12-13,2025-12-13T20:00:00+00:00,laliga,Getafe,Espanol,0 - 1,2,465430,460324,no_auditado
2025-12-13,2025-12-13T20:00:00+00:00,segunda,Deportivo La Coruña,Real Sociedad B,0 - 3,2,463728,8157619,no_auditado
2025-12-13,2025-12-13T20:00:00+00:00,segunda,Zaragoza,Cadiz,1 - 2,2,623716,616908,no_auditado
2025-12-14,2025-12-14T13:00:00+00:00,laliga,Sevilla FC,Oviedo,4 - 0,1,456920,611802,no_auditado
2025-12-14,2025-12-14T15:15:00+00:00,laliga,Celta de Vigo,Ath Bilbao,2 - 0,1,458622,452665,no_auditado
2025-12-14,2025-12-14T15:15:00+00:00,segunda,Albacete,Malaga,1 - 3,2,615206,456069,no_auditado
2025-12-14,2025-12-14T17:30:00+00:00,segunda,Almería,Burgos,1 - 2,2,616057,8153364,no_auditado
2025-12-14,2025-12-14T20:00:00+00:00,laliga,Alavés,Real Madrid,1 - 2,2,462026,461175,no_auditado
2025-12-14,2025-12-14T20:00:00+00:00,segunda,AD Ceuta FC,Las Palmas,1 - 1,X,8629073,455218,no_auditado
2025-12-15,2025-12-15T19:30:00+00:00,segunda,Castellón,Mirandes,3 - 1,1,4471938,680733,no_auditado
2025-12-15,2025-12-15T20:00:00+00:00,laliga,Rayo Vallecano,Real Betis,0 - 0,X,620312,462877,no_auditado
2025-12-19,2025-12-19T19:30:00+00:00,segunda,Eibar,Valladolid,3 - 0,1,464579,613504,no_auditado
2025-12-19,2025-12-19T20:00:00+00:00,laliga,Valencia,Mallorca,1 - 1,X,453516,679882,no_auditado
2025-12-20,2025-12-20T13:00:00+00:00,laliga,Oviedo,Celta de Vigo,0 - 0,X,611802,458622,no_auditado
2025-12-20,2025-12-20T13:00:00+00:00,segunda,FC Andorra,Deportivo La Coruña,1 - 0,1,6942391,463728,no_auditado
2025-12-20,2025-12-20T15:15:00+00:00,laliga,Levante,Real Sociedad,1 - 1,X,459473,467132,no_auditado
2025-12-20,2025-12-20T15:15:00+00:00,segunda,Huesca,Racing Santander,1 - 1,X,618610,3970699,no_auditado
2025-12-20,2025-12-20T17:30:00+00:00,laliga,Osasuna,Alavés,3 - 0,1,619461,462026,no_auditado
2025-12-20,2025-12-20T17:30:00+00:00,segunda,Leganes,Sporting Gijón,0 - 1,2,457771,622865,no_auditado
2025-12-20,2025-12-20T20:00:00+00:00,laliga,Real Madrid,Sevilla FC,2 - 0,1,461175,456920,no_auditado
2025-12-20,2025-12-20T20:00:00+00:00,segunda,Las Palmas,Cultural Leonesa,4 - 0,1,455218,617759,no_auditado
2025-12-21,2025-12-21T13:00:00+00:00,laliga,Girona,Atlético Madrid,0 - 3,2,466281,451814,no_auditado
2025-12-21,2025-12-21T13:00:00+00:00,segunda,Malaga,Almería,2 - 1,1,456069,616057,no_auditado
2025-12-21,2025-12-21T15:15:00+00:00,laliga,Villarreal,Barcelona,0 - 2,2,454367,450963,no_auditado
2025-12-21,2025-12-21T15:15:00+00:00,segunda,Mirandes,Cordoba,1 - 2,2,680733,607547,no_auditado
2025-12-21,2025-12-21T15:15:00+00:00,segunda,Real Sociedad B,AD Ceuta FC,1 - 3,2,8157619,8629073,no_auditado
2025-12-21,2025-12-21T17:30:00+00:00,laliga,Elche,Rayo Vallecano,4 - 0,1,679031,620312,no_auditado
2025-12-21,2025-12-21T17:30:00+00:00,segunda,Burgos,Zaragoza,1 - 1,X,8153364,623716,no_auditado
2025-12-21,2025-12-21T17:30:00+00:00,segunda,Granada CF,Albacete,1 - 1,X,609249,615206,no_auditado
2025-12-21,2025-12-21T20:00:00+00:00,laliga,Real Betis,Getafe,4 - 0,1,462877,465430,no_auditado
2025-12-21,2025-12-21T20:00:00+00:00,segunda,Cadiz,Castellón,2 - 0,1,616908,4471938,no_auditado
2025-12-22,2025-12-22T20:00:00+00:00,laliga,Ath Bilbao,Espanol,1 - 2,2,452665,460324,no_auditado
2026-01-02,2026-01-02T19:30:00+00:00,segunda,Eibar,Mirandes,2 - 1,1,464579,680733,no_auditado
2026-01-02,2026-01-02T20:00:00+00:00,laliga,Rayo Vallecano,Getafe,1 - 1,X,620312,465430,no_auditado
2026-01-03,2026-01-03T13:00:00+00:00,laliga,Celta de Vigo,Valencia,4 - 1,1,458622,453516,no_auditado
2026-01-03,2026-01-03T13:00:00+00:00,segunda,Cultural Leonesa,Real Sociedad B,1 - 1,X,617759,8157619,no_auditado
2026-01-03,2026-01-03T15:15:00+00:00,laliga,Osasuna,Ath Bilbao,1 - 1,X,619461,452665,no_auditado
2026-01-03,2026-01-03T15:15:00+00:00,segunda,Almería,Granada CF,3 - 2,1,616057,609249,no_auditado
2026-01-03,2026-01-03T15:15:00+00:00,segunda,Castellón,Huesca,4 - 1,1,4471938,618610,no_auditado
2026-01-03,2026-01-03T17:30:00+00:00,laliga,Elche,Villarreal,1 - 3,2,679031,454367,no_auditado
2026-01-03,2026-01-03T17:30:00+00:00,segunda,Valladolid,Racing Santander,1 - 1,X,613504,3970699,no_auditado
2026-01-03,2026-01-03T20:00:00+00:00,laliga,Espanol,Barcelona,0 - 2,2,460324,450963,no_auditado
2026-01-03,2026-01-03T20:00:00+00:00,segunda,Cordoba,Burgos,2 - 0,1,607547,8153364,no_auditado
2026-01-04,2026-01-04T13:00:00+00:00,laliga,Sevilla FC,Levante,0 - 3,2,456920,459473,no_auditado
2026-01-04,2026-01-04T13:00:00+00:00,segunda,Sporting Gijón,Malaga,1 - 3,2,622865,456069,no_auditado
2026-01-04,2026-01-04T15:15:00+00:00,laliga,Real Madrid,Real Betis,5 - 1,1,461175,462877,no_auditado
2026-01-04,2026-01-04T15:15:00+00:00,segunda,AD Ceuta FC,FC Andorra,2 - 1,1,8629073,6942391,no_auditado
2026-01-04,2026-01-04T17:30:00+00:00,laliga,Alavés,Oviedo,1 - 1,X,462026,611802,no_auditado
2026-01-04,2026-01-04T17:30:00+00:00,laliga,Mallorca,Girona,1 - 2,2,679882,466281,no_auditado
2026-01-04,2026-01-04T17:30:00+00:00,segunda,Albacete,Leganes,1 - 3,2,615206,457771,no_auditado
2026-01-04,2026-01-04T17:30:00+00:00,segunda,Zaragoza,Las Palmas,1 - 2,2,623716,455218,no_auditado
2026-01-04,2026-01-04T20:00:00+00:00,laliga,Real Sociedad,Atlético Madrid,1 - 1,X,467132,451814,no_auditado
2026-01-04,2026-01-04T20:00:00+00:00,segunda,Deportivo La Coruña,Cadiz,2 - 2,X,463728,616908,no_auditado
2026-01-09,2026-01-09T19:30:00+00:00,segunda,Cadiz,Sporting Gijón,3 - 2,1,616908,622865,no_auditado
2026-01-09,2026-01-09T20:00:00+00:00,laliga,Getafe,Real Sociedad,1 - 2,2,465430,467132,no_auditado
2026-01-10,2026-01-10T13:00:00+00:00,laliga,Oviedo,Real Betis,1 - 1,X,611802,462877,no_auditado
2026-01-10,2026-01-10T13:00:00+00:00,segunda,Mirandes,Almería,2 - 2,X,680733,616057,no_auditado
2026-01-10,2026-01-10T15:15:00+00:00,laliga,Villarreal,Alavés,3 - 1,1,454367,462026,no_auditado
2026-01-10,2026-01-10T15:15:00+00:00,segunda,Real Sociedad B,Albacete,0 - 0,X,8157619,615206,no_auditado
2026-01-10,2026-01-10T17:30:00+00:00,laliga,Girona,Osasuna,1 - 0,1,466281,619461,no_auditado
2026-01-10,2026-01-10T17:30:00+00:00,segunda,Burgos,Eibar,1 - 0,1,8153364,464579,no_auditado
2026-01-10,2026-01-10T17:30:00+00:00,segunda,FC Andorra,Cultural Leonesa,1 - 1,X,6942391,617759,no_auditado
2026-01-10,2026-01-10T17:30:00+00:00,segunda,Las Palmas,Deportivo La Coruña,1 - 1,X,455218,463728,no_auditado
2026-01-10,2026-01-10T20:00:00+00:00,laliga,Valencia,Elche,1 - 1,X,453516,679031,no_auditado
2026-01-10,2026-01-10T20:00:00+00:00,segunda,Racing Santander,Zaragoza,2 - 3,2,3970699,623716,no_auditado
2026-01-11,2026-01-11T13:00:00+00:00,laliga,Rayo Vallecano,Mallorca,2 - 1,1,620312,679882,no_auditado
2026-01-11,2026-01-11T13:00:00+00:00,segunda,Leganes,Valladolid,3 - 0,1,457771,613504,no_auditado
2026-01-11,2026-01-11T15:15:00+00:00,laliga,Levante,Espanol,1 - 1,X,459473,460324,no_auditado
2026-01-11,2026-01-11T15:15:00+00:00,segunda,Granada CF,Castellón,0 - 0,X,609249,4471938,no_auditado
2026-01-11,2026-01-11T15:15:00+00:00,segunda,Malaga,AD Ceuta FC,2 - 1,1,456069,8629073,no_auditado
2026-01-12,2026-01-12T19:30:00+00:00,segunda,Huesca,Cordoba,1 - 2,2,618610,607547,no_auditado
2026-01-12,2026-01-12T20:00:00+00:00,laliga,Sevilla FC,Celta de Vigo,0 - 1,2,456920,458622,no_auditado
2026-01-16,2026-01-16T19:30:00+00:00,segunda,Castellón,Leganes,2 - 0,1,4471938,457771,no_auditado
2026-01-16,2026-01-16T20:00:00+00:00,laliga,Espanol,Girona,0 - 2,2,460324,466281,no_auditado
2026-01-17,2026-01-17T13:00:00+00:00,laliga,Real Madrid,Levante,2 - 0,1,461175,459473,no_auditado
2026-01-17,2026-01-17T13:00:00+00:00,segunda,AD Ceuta FC,Valladolid,0 - 3,2,8629073,613504,no_auditado
2026-01-17,2026-01-17T15:15:00+00:00,laliga,Mallorca,Ath Bilbao,3 - 2,1,679882,452665,no_auditado
2026-01-17,2026-01-17T15:15:00+00:00,segunda,Cultural Leonesa,Sporting Gijón,2 - 4,2,617759,622865,no_auditado
2026-01-17,2026-01-17T17:30:00+00:00,laliga,Osasuna,Oviedo,3 - 2,1,619461,611802,no_auditado
2026-01-17,2026-01-17T17:30:00+00:00,segunda,Zaragoza,Real Sociedad B,1 - 1,X,623716,8157619,no_auditado
2026-01-17,2026-01-17T20:00:00+00:00,laliga,Real Betis,Villarreal,2 - 0,1,462877,454367,no_auditado
2026-01-17,2026-01-17T20:00:00+00:00,segunda,Almería,Deportivo La Coruña,1 - 2,2,616057,463728,no_auditado
2026-01-18,2026-01-18T13:00:00+00:00,laliga,Getafe,Valencia,0 - 1,2,465430,453516,no_auditado
2026-01-18,2026-01-18T13:00:00+00:00,segunda,Mirandes,FC Andorra,1 - 2,2,680733,6942391,no_auditado
2026-01-18,2026-01-18T15:15:00+00:00,laliga,Atlético Madrid,Alavés,1 - 0,1,451814,462026,no_auditado
2026-01-18,2026-01-18T15:15:00+00:00,segunda,Racing Santander,Las Palmas,4 - 1,1,3970699,455218,no_auditado
2026-01-18,2026-01-18T17:30:00+00:00,laliga,Celta de Vigo,Rayo Vallecano,3 - 0,1,458622,620312,no_auditado
2026-01-18,2026-01-18T17:30:00+00:00,segunda,Albacete,Cadiz,1 - 0,1,615206,616908,no_auditado
2026-01-18,2026-01-18T17:30:00+00:00,segunda,Burgos,Huesca,1 - 0,1,8153364,618610,no_auditado
2026-01-18,2026-01-18T20:00:00+00:00,laliga,Real Sociedad,Barcelona,2 - 1,1,467132,450963,no_auditado
2026-01-18,2026-01-18T20:00:00+00:00,segunda,Cordoba,Malaga,0 - 1,2,607547,456069,no_auditado
2026-01-19,2026-01-19T19:30:00+00:00,segunda,Granada CF,Eibar,0 - 0,X,609249,464579,no_auditado
2026-01-19,2026-01-19T20:00:00+00:00,laliga,Elche,Sevilla FC,2 - 2,X,679031,456920,no_auditado
2026-01-23,2026-01-23T19:30:00+00:00,segunda,Malaga,Burgos,3 - 0,1,456069,8153364,no_auditado
2026-01-23,2026-01-23T20:00:00+00:00,laliga,Levante,Elche,3 - 2,1,459473,679031,no_auditado
2026-01-24,2026-01-24T13:00:00+00:00,laliga,Rayo Vallecano,Osasuna,1 - 3,2,620312,619461,no_auditado
2026-01-24,2026-01-24T13:00:00+00:00,segunda,Valladolid,Albacete,0 - 1,2,613504,615206,no_auditado
2026-01-24,2026-01-24T15:15:00+00:00,laliga,Valencia,Espanol,3 - 2,1,453516,460324,no_auditado
2026-01-24,2026-01-24T15:15:00+00:00,segunda,Leganes,Real Sociedad B,2 - 0,1,457771,8157619,no_auditado
2026-01-24,2026-01-24T17:30:00+00:00,laliga,Sevilla FC,Ath Bilbao,2 - 1,1,456920,452665,no_auditado
2026-01-24,2026-01-24T17:30:00+00:00,segunda,Las Palmas,Cordoba,1 - 2,2,455218,607547,no_auditado
2026-01-24,2026-01-24T17:30:00+00:00,segunda,Sporting Gijón,Mirandes,3 - 0,1,622865,680733,no_auditado
2026-01-24,2026-01-24T20:00:00+00:00,laliga,Villarreal,Real Madrid,0 - 2,2,454367,461175,no_auditado
2026-01-24,2026-01-24T20:00:00+00:00,segunda,Cadiz,Granada CF,1 - 2,2,616908,609249,no_auditado
2026-01-25,2026-01-25T13:00:00+00:00,laliga,Atlético Madrid,Mallorca,3 - 0,1,451814,679882,no_auditado
2026-01-25,2026-01-25T13:00:00+00:00,segunda,FC Andorra,Huesca,1 - 1,X,6942391,618610,no_auditado
2026-01-25,2026-01-25T15:15:00+00:00,laliga,Barcelona,Oviedo,3 - 0,1,450963,611802,no_auditado
2026-01-25,2026-01-25T15:15:00+00:00,segunda,Eibar,Almería,1 - 0,1,464579,616057,no_auditado
2026-01-25,2026-01-25T17:30:00+00:00,laliga,Real Sociedad,Celta de Vigo,3 - 1,1,467132,458622,no_auditado
2026-01-25,2026-01-25T17:30:00+00:00,segunda,Zaragoza,Castellón,0 - 0,X,623716,4471938,no_auditado
2026-01-25,2026-01-25T20:00:00+00:00,laliga,Alavés,Real Betis,2 - 1,1,462026,462877,no_auditado
2026-01-25,2026-01-25T20:00:00+00:00,segunda,Deportivo La Coruña,Racing Santander,0 - 1,2,463728,3970699,no_auditado
2026-01-26,2026-01-26T19:30:00+00:00,segunda,AD Ceuta FC,Cultural Leonesa,3 - 1,1,8629073,617759,no_auditado
2026-01-26,2026-01-26T20:00:00+00:00,laliga,Girona,Getafe,1 - 1,X,466281,465430,no_auditado
2026-01-30,2026-01-30T19:30:00+00:00,segunda,Real Sociedad B,Las Palmas,1 - 1,X,8157619,455218,no_auditado
2026-01-30,2026-01-30T20:00:00+00:00,laliga,Espanol,Alavés,1 - 2,2,460324,462026,no_auditado
2026-01-31,2026-01-31T13:00:00+00:00,laliga,Oviedo,Girona,1 - 0,1,611802,466281,no_auditado
2026-01-31,2026-01-31T15:15:00+00:00,laliga,Osasuna,Villarreal,2 - 2,X,619461,454367,no_auditado
2026-01-31,2026-01-31T15:15:00+00:00,segunda,Albacete,Zaragoza,2 - 0,1,615206,623716,no_auditado
2026-01-31,2026-01-31T15:15:00+00:00,segunda,Burgos,Leganes,2 - 1,1,8153364,457771,no_auditado
2026-01-31,2026-01-31T17:30:00+00:00,laliga,Levante,Atlético Madrid,0 - 0,X,459473,451814,no_auditado
2026-01-31,2026-01-31T17:30:00+00:00,segunda,Cultural Leonesa,Deportivo La Coruña,0 - 1,2,617759,463728,no_auditado
2026-01-31,2026-01-31T20:00:00+00:00,laliga,Elche,Barcelona,1 - 3,2,679031,450963,no_auditado
2026-01-31,2026-01-31T20:00:00+00:00,segunda,Cordoba,Valladolid,3 - 1,1,607547,613504,no_auditado
2026-02-01,2026-02-01T13:00:00+00:00,laliga,Real Madrid,Rayo Vallecano,2 - 1,1,461175,620312,no_auditado
2026-02-01,2026-02-01T13:00:00+00:00,segunda,Almería,AD Ceuta FC,4 - 2,1,616057,8629073,no_auditado
2026-02-01,2026-02-01T15:15:00+00:00,laliga,Real Betis,Valencia,2 - 1,1,462877,453516,no_auditado
2026-02-01,2026-02-01T15:15:00+00:00,segunda,Eibar,Sporting Gijón,1 - 0,1,464579,622865,no_auditado
2026-02-01,2026-02-01T17:30:00+00:00,laliga,Getafe,Celta de Vigo,0 - 0,X,465430,458622,no_auditado
2026-02-01,2026-02-01T17:30:00+00:00,segunda,Castellón,FC Andorra,2 - 0,1,4471938,6942391,no_auditado
2026-02-01,2026-02-01T17:30:00+00:00,segunda,Huesca,Cadiz,1 - 0,1,618610,616908,no_auditado
2026-02-01,2026-02-01T20:00:00+00:00,laliga,Ath Bilbao,Real Sociedad,1 - 1,X,452665,467132,no_auditado
2026-02-01,2026-02-01T20:00:00+00:00,segunda,Granada CF,Racing Santander,1 - 0,1,609249,3970699,no_auditado
2026-02-02,2026-02-02T19:30:00+00:00,segunda,Mirandes,Malaga,2 - 1,1,680733,456069,no_auditado
2026-02-02,2026-02-02T20:00:00+00:00,laliga,Mallorca,Sevilla FC,4 - 1,1,679882,456920,no_auditado
2026-02-06,2026-02-06T19:30:00+00:00,segunda,Leganes,Granada CF,1 - 0,1,457771,609249,no_auditado
2026-02-06,2026-02-06T20:00:00+00:00,laliga,Celta de Vigo,Osasuna,1 - 2,2,458622,619461,no_auditado
2026-02-07,2026-02-07T13:00:00+00:00,segunda,FC Andorra,Real Sociedad B,1 - 2,2,6942391,8157619,no_auditado
2026-02-07,2026-02-07T15:15:00+00:00,laliga,Barcelona,Mallorca,3 - 0,1,450963,679882,no_auditado
2026-02-07,2026-02-07T15:15:00+00:00,segunda,Las Palmas,Burgos,0 - 0,X,455218,8153364,no_auditado
2026-02-07,2026-02-07T17:30:00+00:00,segunda,Zaragoza,Eibar,1 - 1,X,623716,464579,no_auditado
2026-02-07,2026-02-07T20:00:00+00:00,laliga,Real Sociedad,Elche,3 - 1,1,467132,679031,no_auditado
2026-02-08,2026-02-08T13:00:00+00:00,laliga,Alavés,Getafe,0 - 2,2,462026,465430,no_auditado
2026-02-08,2026-02-08T13:00:00+00:00,segunda,Valladolid,Castellón,0 - 4,2,613504,4471938,no_auditado
2026-02-08,2026-02-08T15:15:00+00:00,laliga,Ath Bilbao,Levante,4 - 2,1,452665,459473,no_auditado
2026-02-08,2026-02-08T15:15:00+00:00,laliga,Sevilla FC,Girona,1 - 1,X,456920,466281,no_auditado
2026-02-08,2026-02-08T15:15:00+00:00,segunda,Cadiz,Almería,1 - 2,2,616908,616057,no_auditado
2026-02-08,2026-02-08T15:15:00+00:00,segunda,Deportivo La Coruña,Albacete,2 - 1,1,463728,615206,no_auditado
2026-02-08,2026-02-08T17:30:00+00:00,laliga,Atlético Madrid,Real Betis,0 - 1,2,451814,462877,no_auditado
2026-02-08,2026-02-08T17:30:00+00:00,segunda,Sporting Gijón,Huesca,2 - 1,1,622865,618610,no_auditado
2026-02-08,2026-02-08T20:00:00+00:00,laliga,Valencia,Real Madrid,0 - 2,2,453516,461175,no_auditado
2026-02-08,2026-02-08T20:00:00+00:00,segunda,Malaga,Cultural Leonesa,2 - 1,1,456069,617759,no_auditado
2026-02-09,2026-02-09T19:30:00+00:00,segunda,Racing Santander,Mirandes,1 - 0,1,3970699,680733,no_auditado
2026-02-09,2026-02-09T20:00:00+00:00,laliga,Villarreal,Espanol,4 - 1,1,454367,460324,no_auditado
2026-02-13,2026-02-13T19:30:00+00:00,segunda,Almería,FC Andorra,3 - 2,1,616057,6942391,no_auditado
2026-02-13,2026-02-13T20:00:00+00:00,laliga,Elche,Osasuna,0 - 0,X,679031,619461,no_auditado
2026-02-14,2026-02-14T13:00:00+00:00,laliga,Espanol,Celta de Vigo,2 - 2,X,460324,458622,no_auditado
2026-02-14,2026-02-14T13:00:00+00:00,segunda,Cordoba,Leganes,2 - 1,1,607547,457771,no_auditado
2026-02-14,2026-02-14T15:15:00+00:00,laliga,Getafe,Villarreal,2 - 1,1,465430,454367,no_auditado
2026-02-14,2026-02-14T15:15:00+00:00,segunda,Burgos,Cadiz,1 - 1,X,8153364,616908,no_auditado
2026-02-14,2026-02-14T17:30:00+00:00,laliga,Sevilla FC,Alavés,1 - 1,X,456920,462026,no_auditado
2026-02-14,2026-02-14T17:30:00+00:00,segunda,Cultural Leonesa,Zaragoza,0 - 0,X,617759,623716,no_auditado
2026-02-14,2026-02-14T20:00:00+00:00,laliga,Real Madrid,Real Sociedad,4 - 1,1,461175,467132,no_auditado
2026-02-14,2026-02-14T20:00:00+00:00,segunda,Granada CF,Valladolid,5 - 1,1,609249,613504,no_auditado
2026-02-15,2026-02-15T13:00:00+00:00,laliga,Oviedo,Ath Bilbao,1 - 2,2,611802,452665,no_auditado
2026-02-15,2026-02-15T13:00:00+00:00,segunda,Mirandes,Las Palmas,1 - 1,X,680733,455218,no_auditado
2026-02-15,2026-02-15T15:15:00+00:00,laliga,Rayo Vallecano,Atlético Madrid,3 - 0,1,620312,451814,no_auditado
2026-02-15,2026-02-15T15:15:00+00:00,segunda,Eibar,Racing Santander,2 - 1,1,464579,3970699,no_auditado
2026-02-15,2026-02-15T15:15:00+00:00,segunda,Huesca,AD Ceuta FC,2 - 0,1,618610,8629073,no_auditado
2026-02-15,2026-02-15T17:30:00+00:00,laliga,Levante,Valencia,0 - 2,2,459473,453516,no_auditado
2026-02-15,2026-02-15T17:30:00+00:00,segunda,Albacete,Sporting Gijón,1 - 1,X,615206,622865,no_auditado
2026-02-15,2026-02-15T20:00:00+00:00,laliga,Mallorca,Real Betis,1 - 2,2,679882,462877,no_auditado
2026-02-15,2026-02-15T20:00:00+00:00,segunda,Castellón,Deportivo La Coruña,2 - 0,1,4471938,463728,no_auditado
2026-02-16,2026-02-16T19:30:00+00:00,segunda,Real Sociedad B,Malaga,2 - 1,1,8157619,456069,no_auditado
2026-02-16,2026-02-16T20:00:00+00:00,laliga,Girona,Barcelona,2 - 1,1,466281,450963,no_auditado
2026-02-18,2026-02-18T19:00:00+00:00,laliga,Levante,Villarreal,0 - 1,2,459473,454367,no_auditado
2026-02-20,2026-02-20T19:30:00+00:00,segunda,AD Ceuta FC,Granada CF,2 - 1,1,8629073,609249,no_auditado
2026-02-20,2026-02-20T20:00:00+00:00,laliga,Ath Bilbao,Elche,2 - 1,1,452665,679031,no_auditado
2026-02-21,2026-02-21T13:00:00+00:00,laliga,Real Sociedad,Oviedo,3 - 3,X,467132,611802,no_auditado
2026-02-21,2026-02-21T13:00:00+00:00,segunda,Leganes,Cultural Leonesa,1 - 1,X,457771,617759,no_auditado
2026-02-21,2026-02-21T15:15:00+00:00,laliga,Real Betis,Rayo Vallecano,1 - 1,X,462877,620312,no_auditado
2026-02-21,2026-02-21T15:15:00+00:00,segunda,Deportivo La Coruña,Eibar,1 - 0,1,463728,464579,no_auditado
2026-02-21,2026-02-21T15:15:00+00:00,segunda,Huesca,Mirandes,1 - 2,2,618610,680733,no_auditado
2026-02-21,2026-02-21T17:30:00+00:00,laliga,Osasuna,Real Madrid,2 - 1,1,619461,461175,no_auditado
2026-02-21,2026-02-21T17:30:00+00:00,segunda,Almería,Cordoba,2 - 1,1,616057,607547,no_auditado
2026-02-21,2026-02-21T20:00:00+00:00,laliga,Atlético Madrid,Espanol,4 - 2,1,451814,460324,no_auditado
2026-02-21,2026-02-21T20:00:00+00:00,segunda,Las Palmas,Castellón,1 - 1,X,455218,4471938,no_auditado
2026-02-22,2026-02-22T13:00:00+00:00,laliga,Getafe,Sevilla FC,0 - 1,2,465430,456920,no_auditado
2026-02-22,2026-02-22T13:00:00+00:00,segunda,Sporting Gijón,Valladolid,2 - 2,X,622865,613504,no_auditado
2026-02-22,2026-02-22T15:15:00+00:00,laliga,Barcelona,Levante,3 - 0,1,450963,459473,no_auditado
2026-02-22,2026-02-22T15:15:00+00:00,segunda,FC Andorra,Zaragoza,2 - 1,1,6942391,623716,no_auditado
2026-02-22,2026-02-22T17:30:00+00:00,laliga,Celta de Vigo,Mallorca,2 - 0,1,458622,679882,no_auditado
2026-02-22,2026-02-22T17:30:00+00:00,segunda,Racing Santander,Burgos,1 - 0,1,3970699,8153364,no_auditado
2026-02-22,2026-02-22T20:00:00+00:00,laliga,Villarreal,Valencia,2 - 1,1,454367,453516,no_auditado
2026-02-22,2026-02-22T20:00:00+00:00,segunda,Malaga,Albacete,1 - 0,1,456069,615206,no_auditado
2026-02-23,2026-02-23T19:30:00+00:00,segunda,Cadiz,Real Sociedad B,0 - 2,2,616908,8157619,no_auditado
2026-02-23,2026-02-23T20:00:00+00:00,laliga,Alavés,Girona,2 - 2,X,462026,466281,no_auditado
2026-02-25,2026-02-25T18:00:00+00:00,segunda,AD Ceuta FC,Cordoba,3 - 2,1,8629073,607547,no_auditado
2026-02-27,2026-02-27T19:30:00+00:00,segunda,Albacete,Almería,1 - 1,X,615206,616057,no_auditado
2026-02-27,2026-02-27T20:00:00+00:00,laliga,Levante,Alavés,2 - 0,1,459473,462026,no_auditado
2026-02-28,2026-02-28T13:00:00+00:00,laliga,Rayo Vallecano,Ath Bilbao,1 - 1,X,620312,452665,no_auditado
2026-02-28,2026-02-28T15:15:00+00:00,laliga,Barcelona,Villarreal,4 - 1,1,450963,454367,no_auditado
2026-02-28,2026-02-28T15:15:00+00:00,segunda,Zaragoza,Burgos,0 - 1,2,623716,8153364,no_auditado
2026-02-28,2026-02-28T17:30:00+00:00,laliga,Mallorca,Real Sociedad,0 - 1,2,679882,467132,no_auditado
2026-02-28,2026-02-28T17:30:00+00:00,segunda,Granada CF,Malaga,0 - 1,2,609249,456069,no_auditado
2026-02-28,2026-02-28T17:30:00+00:00,segunda,Valladolid,Huesca,1 - 0,1,613504,618610,no_auditado
2026-02-28,2026-02-28T20:00:00+00:00,laliga,Oviedo,Atlético Madrid,0 - 1,2,611802,451814,no_auditado
2026-02-28,2026-02-28T20:00:00+00:00,segunda,Castellón,Racing Santander,1 - 3,2,4471938,3970699,no_auditado
2026-03-01,2026-03-01T13:00:00+00:00,laliga,Elche,Espanol,2 - 2,X,679031,460324,no_auditado
2026-03-01,2026-03-01T13:00:00+00:00,segunda,Real Sociedad B,Deportivo La Coruña,2 - 3,2,8157619,463728,no_auditado
2026-03-01,2026-03-01T15:15:00+00:00,laliga,Valencia,Osasuna,1 - 0,1,453516,619461,no_auditado
2026-03-01,2026-03-01T15:15:00+00:00,segunda,Mirandes,AD Ceuta FC,0 - 1,2,680733,8629073,no_auditado
2026-03-01,2026-03-01T17:30:00+00:00,laliga,Real Betis,Sevilla FC,2 - 2,X,462877,456920,no_auditado
2026-03-01,2026-03-01T17:30:00+00:00,segunda,Cultural Leonesa,Las Palmas,0 - 3,2,617759,455218,no_auditado
2026-03-01,2026-03-01T20:00:00+00:00,laliga,Girona,Celta de Vigo,1 - 2,2,466281,458622,no_auditado
2026-03-01,2026-03-01T20:00:00+00:00,segunda,Eibar,Cadiz,3 - 1,1,464579,616908,no_auditado
2026-03-02,2026-03-02T19:00:00+00:00,segunda,Sporting Gijón,Leganes,0 - 0,X,622865,457771,no_auditado
2026-03-02,2026-03-02T19:30:00+00:00,segunda,Cordoba,FC Andorra,1 - 4,2,607547,6942391,no_auditado
2026-03-02,2026-03-02T20:00:00+00:00,laliga,Real Madrid,Getafe,0 - 1,2,461175,465430,no_auditado
2026-03-04,2026-03-04T18:00:00+00:00,laliga,Rayo Vallecano,Oviedo,3 - 0,1,620312,611802,no_auditado
2026-03-06,2026-03-06T19:30:00+00:00,segunda,Cadiz,Zaragoza,0 - 1,2,616908,623716,no_auditado
2026-03-06,2026-03-06T20:00:00+00:00,laliga,Celta de Vigo,Real Madrid,1 - 2,2,458622,461175,no_auditado
2026-03-07,2026-03-07T13:00:00+00:00,laliga,Osasuna,Mallorca,2 - 2,X,619461,679882,no_auditado
2026-03-07,2026-03-07T15:15:00+00:00,laliga,Levante,Girona,1 - 1,X,459473,466281,no_auditado
2026-03-07,2026-03-07T15:15:00+00:00,segunda,Huesca,Albacete,0 - 0,X,618610,615206,no_auditado
2026-03-07,2026-03-07T15:15:00+00:00,segunda,Real Sociedad B,Castellón,4 - 2,1,8157619,4471938,no_auditado
2026-03-07,2026-03-07T17:30:00+00:00,laliga,Atlético Madrid,Real Sociedad,3 - 2,1,451814,467132,no_auditado
2026-03-07,2026-03-07T17:30:00+00:00,segunda,Burgos,Mirandes,2 - 0,1,8153364,680733,no_auditado
2026-03-07,2026-03-07T20:00:00+00:00,laliga,Ath Bilbao,Barcelona,0 - 1,2,452665,450963,no_auditado
2026-03-07,2026-03-07T20:00:00+00:00,segunda,Malaga,Valladolid,3 - 3,X,456069,613504,no_auditado
2026-03-08,2026-03-08T13:00:00+00:00,laliga,Villarreal,Elche,2 - 1,1,454367,679031,no_auditado
2026-03-08,2026-03-08T13:00:00+00:00,segunda,Las Palmas,AD Ceuta FC,4 - 0,1,455218,8629073,no_auditado
2026-03-08,2026-03-08T15:15:00+00:00,laliga,Getafe,Real Betis,2 - 0,1,465430,462877,no_auditado
2026-03-08,2026-03-08T15:15:00+00:00,segunda,FC Andorra,Sporting Gijón,1 - 0,1,6942391,622865,no_auditado
2026-03-08,2026-03-08T17:30:00+00:00,laliga,Sevilla FC,Rayo Vallecano,1 - 1,X,456920,620312,no_auditado
2026-03-08,2026-03-08T17:30:00+00:00,segunda,Leganes,Eibar,0 - 1,2,457771,464579,no_auditado
2026-03-08,2026-03-08T17:30:00+00:00,segunda,Racing Santander,Cordoba,4 - 3,1,3970699,607547,no_auditado
2026-03-08,2026-03-08T20:00:00+00:00,laliga,Valencia,Alavés,3 - 2,1,453516,462026,no_auditado
2026-03-08,2026-03-08T20:00:00+00:00,segunda,Deportivo La Coruña,Granada CF,0 - 2,2,463728,609249,no_auditado
2026-03-09,2026-03-09T19:30:00+00:00,segunda,Almería,Cultural Leonesa,3 - 0,1,616057,617759,no_auditado
2026-03-09,2026-03-09T20:00:00+00:00,laliga,Espanol,Oviedo,1 - 1,X,460324,611802,no_auditado
2026-03-13,2026-03-13T19:30:00+00:00,segunda,Mirandes,Cadiz,0 - 2,2,680733,616908,no_auditado
2026-03-13,2026-03-13T20:00:00+00:00,laliga,Alavés,Villarreal,1 - 1,X,462026,454367,no_auditado
2026-03-14,2026-03-14T13:00:00+00:00,laliga,Girona,Ath Bilbao,3 - 0,1,466281,452665,no_auditado
2026-03-14,2026-03-14T15:15:00+00:00,laliga,Atlético Madrid,Getafe,1 - 0,1,451814,465430,no_auditado
2026-03-14,2026-03-14T15:15:00+00:00,segunda,Cultural Leonesa,Racing Santander,1 - 2,2,617759,3970699,no_auditado
2026-03-14,2026-03-14T17:30:00+00:00,laliga,Oviedo,Valencia,1 - 0,1,611802,453516,no_auditado
2026-03-14,2026-03-14T17:30:00+00:00,segunda,Valladolid,Leganes,3 - 2,1,613504,457771,no_auditado
2026-03-14,2026-03-14T17:30:00+00:00,segunda,Zaragoza,Almería,2 - 0,1,623716,616057,no_auditado
2026-03-14,2026-03-14T20:00:00+00:00,laliga,Real Madrid,Elche,4 - 1,1,461175,679031,no_auditado
2026-03-14,2026-03-14T20:00:00+00:00,segunda,AD Ceuta FC,Deportivo La Coruña,1 - 2,2,8629073,463728,no_auditado
2026-03-15,2026-03-15T13:00:00+00:00,laliga,Mallorca,Espanol,2 - 1,1,679882,460324,no_auditado
2026-03-15,2026-03-15T13:00:00+00:00,segunda,Cordoba,Real Sociedad B,0 - 2,2,607547,8157619,no_auditado
2026-03-15,2026-03-15T15:15:00+00:00,laliga,Barcelona,Sevilla FC,5 - 2,1,450963,456920,no_auditado
2026-03-15,2026-03-15T15:15:00+00:00,segunda,Granada CF,FC Andorra,1 - 1,X,609249,6942391,no_auditado
2026-03-15,2026-03-15T17:30:00+00:00,laliga,Real Betis,Celta de Vigo,1 - 1,X,462877,458622,no_auditado
2026-03-15,2026-03-15T17:30:00+00:00,segunda,Eibar,Burgos,0 - 0,X,464579,8153364,no_auditado
2026-03-15,2026-03-15T17:30:00+00:00,segunda,Malaga,Huesca,5 - 3,1,456069,618610,no_auditado
2026-03-15,2026-03-15T20:00:00+00:00,laliga,Real Sociedad,Osasuna,3 - 1,1,467132,619461,no_auditado
2026-03-15,2026-03-15T20:00:00+00:00,segunda,Sporting Gijón,Castellón,4 - 1,1,622865,4471938,no_auditado
2026-03-16,2026-03-16T19:30:00+00:00,segunda,Albacete,Las Palmas,2 - 1,1,615206,455218,no_auditado
2026-03-16,2026-03-16T20:00:00+00:00,laliga,Rayo Vallecano,Levante,1 - 1,X,620312,459473,no_auditado
2026-03-20,2026-03-20T19:30:00+00:00,segunda,Huesca,Almería,1 - 3,2,618610,616057,no_auditado
2026-03-20,2026-03-20T20:00:00+00:00,laliga,Villarreal,Real Sociedad,3 - 1,1,454367,467132,no_auditado
2026-03-21,2026-03-21T13:00:00+00:00,laliga,Elche,Mallorca,2 - 1,1,679031,679882,no_auditado
2026-03-21,2026-03-21T13:00:00+00:00,segunda,Leganes,AD Ceuta FC,5 - 2,1,457771,8629073,no_auditado
2026-03-21,2026-03-21T15:15:00+00:00,laliga,Espanol,Getafe,1 - 2,2,460324,465430,no_auditado
2026-03-21,2026-03-21T15:15:00+00:00,segunda,FC Andorra,Eibar,0 - 1,2,6942391,464579,no_auditado
2026-03-21,2026-03-21T15:15:00+00:00,segunda,Racing Santander,Albacete,0 - 4,2,3970699,615206,no_auditado
2026-03-21,2026-03-21T17:30:00+00:00,laliga,Levante,Oviedo,4 - 2,1,459473,611802,no_auditado
2026-03-21,2026-03-21T17:30:00+00:00,laliga,Osasuna,Girona,1 - 0,1,619461,466281,no_auditado
2026-03-21,2026-03-21T17:30:00+00:00,segunda,Cadiz,Malaga,0 - 3,2,616908,456069,no_auditado
2026-03-21,2026-03-21T20:00:00+00:00,laliga,Sevilla FC,Valencia,0 - 2,2,456920,453516,no_auditado
2026-03-21,2026-03-21T20:00:00+00:00,segunda,Deportivo La Coruña,Zaragoza,2 - 1,1,463728,623716,no_auditado
2026-03-22,2026-03-22T13:00:00+00:00,laliga,Barcelona,Rayo Vallecano,1 - 0,1,450963,620312,no_auditado
2026-03-22,2026-03-22T13:00:00+00:00,segunda,Burgos,Cordoba,4 - 0,1,8153364,607547,no_auditado
2026-03-22,2026-03-22T15:15:00+00:00,laliga,Celta de Vigo,Alavés,3 - 4,2,458622,462026,no_auditado
2026-03-22,2026-03-22T15:15:00+00:00,segunda,Mirandes,Valladolid,2 - 1,1,680733,613504,no_auditado
2026-03-22,2026-03-22T15:15:00+00:00,segunda,Real Sociedad B,Granada CF,0 - 2,2,8157619,609249,no_auditado
2026-03-22,2026-03-22T17:30:00+00:00,laliga,Ath Bilbao,Real Betis,2 - 1,1,452665,462877,no_auditado
2026-03-22,2026-03-22T17:30:00+00:00,segunda,Las Palmas,Sporting Gijón,1 - 0,1,455218,622865,no_auditado
2026-03-22,2026-03-22T20:00:00+00:00,laliga,Real Madrid,Atlético Madrid,3 - 2,1,461175,451814,no_auditado
2026-03-23,2026-03-23T19:30:00+00:00,segunda,Castellón,Cultural Leonesa,1 - 1,X,4471938,617759,no_auditado
2026-03-27,2026-03-27T18:00:00+00:00,segunda,Cordoba,Mirandes,2 - 2,X,607547,680733,no_auditado
2026-03-28,2026-03-28T13:00:00+00:00,segunda,AD Ceuta FC,Cadiz,2 - 1,1,8629073,616908,no_auditado
2026-03-28,2026-03-28T15:15:00+00:00,segunda,Granada CF,Huesca,4 - 2,1,609249,618610,no_auditado
2026-03-28,2026-03-28T15:15:00+00:00,segunda,Valladolid,Burgos,0 - 1,2,613504,8153364,no_auditado
2026-03-28,2026-03-28T17:30:00+00:00,segunda,Malaga,Leganes,0 - 0,X,456069,457771,no_auditado
2026-03-28,2026-03-28T20:00:00+00:00,segunda,Albacete,Castellón,1 - 1,X,615206,4471938,no_auditado
2026-03-28,2026-03-28T20:00:00+00:00,segunda,Sporting Gijón,Deportivo La Coruña,1 - 1,X,622865,463728,no_auditado
2026-03-29,2026-03-29T12:00:00+00:00,segunda,Eibar,Las Palmas,3 - 1,1,464579,455218,no_auditado
2026-03-29,2026-03-29T14:15:00+00:00,segunda,Cultural Leonesa,FC Andorra,0 - 4,2,617759,6942391,no_auditado
2026-03-29,2026-03-29T16:30:00+00:00,segunda,Zaragoza,Racing Santander,2 - 0,1,623716,3970699,no_auditado
2026-03-29,2026-03-29T19:00:00+00:00,segunda,Almería,Real Sociedad B,5 - 1,1,616057,8157619,no_auditado
2026-03-31,2026-03-31T17:00:00+00:00,segunda,Mirandes,Albacete,1 - 1,X,680733,615206,no_auditado
2026-03-31,2026-03-31T18:00:00+00:00,segunda,Deportivo La Coruña,Cordoba,2 - 0,1,463728,607547,no_auditado
2026-03-31,2026-03-31T19:30:00+00:00,segunda,Valladolid,Cadiz,3 - 0,1,613504,616908,no_auditado
2026-04-01,2026-04-01T17:00:00+00:00,segunda,FC Andorra,Malaga,3 - 3,X,6942391,456069,no_auditado
2026-04-01,2026-04-01T18:00:00+00:00,segunda,Burgos,AD Ceuta FC,1 - 1,X,8153364,8629073,no_auditado
2026-04-01,2026-04-01T18:00:00+00:00,segunda,Huesca,Cultural Leonesa,1 - 1,X,618610,617759,no_auditado
2026-04-01,2026-04-01T19:30:00+00:00,segunda,Racing Santander,Sporting Gijón,3 - 1,1,3970699,622865,no_auditado
2026-04-02,2026-04-02T17:00:00+00:00,segunda,Las Palmas,Granada CF,2 - 0,1,455218,609249,no_auditado
2026-04-02,2026-04-02T18:00:00+00:00,segunda,Castellón,Almería,2 - 0,1,4471938,616057,no_auditado
2026-04-02,2026-04-02T18:00:00+00:00,segunda,Real Sociedad B,Eibar,0 - 1,2,8157619,464579,no_auditado
2026-04-02,2026-04-02T19:30:00+00:00,segunda,Leganes,Zaragoza,1 - 1,X,457771,623716,no_auditado
2026-04-03,2026-04-03T19:00:00+00:00,laliga,Rayo Vallecano,Elche,1 - 0,1,620312,679031,no_auditado
2026-04-04,2026-04-04T12:00:00+00:00,laliga,Real Sociedad,Levante,2 - 0,1,467132,459473,no_auditado
2026-04-04,2026-04-04T12:00:00+00:00,segunda,Cadiz,Cordoba,1 - 3,2,616908,607547,no_auditado
2026-04-04,2026-04-04T14:15:00+00:00,laliga,Mallorca,Real Madrid,2 - 1,1,679882,461175,no_auditado
2026-04-04,2026-04-04T14:15:00+00:00,segunda,Albacete,Burgos,2 - 3,2,615206,8153364,no_auditado
2026-04-04,2026-04-04T16:30:00+00:00,laliga,Real Betis,Espanol,0 - 0,X,462877,460324,no_auditado
2026-04-04,2026-04-04T16:30:00+00:00,segunda,Cultural Leonesa,Valladolid,1 - 0,1,617759,613504,no_auditado
2026-04-04,2026-04-04T16:30:00+00:00,segunda,Deportivo La Coruña,Malaga,1 - 1,X,463728,456069,no_auditado
2026-04-04,2026-04-04T19:00:00+00:00,laliga,Atlético Madrid,Barcelona,1 - 2,2,451814,450963,no_auditado
2026-04-05,2026-04-05T12:00:00+00:00,laliga,Getafe,Ath Bilbao,2 - 0,1,465430,452665,no_auditado
2026-04-05,2026-04-05T12:00:00+00:00,segunda,Eibar,AD Ceuta FC,3 - 0,1,464579,8629073,no_auditado
2026-04-05,2026-04-05T14:15:00+00:00,laliga,Valencia,Celta de Vigo,2 - 3,2,453516,458622,no_auditado
2026-04-05,2026-04-05T14:15:00+00:00,segunda,FC Andorra,Racing Santander,6 - 2,1,6942391,3970699,no_auditado
2026-04-05,2026-04-05T16:30:00+00:00,laliga,Oviedo,Sevilla FC,1 - 0,1,611802,456920,no_auditado
2026-04-05,2026-04-05T16:30:00+00:00,segunda,Almería,Leganes,2 - 1,1,616057,457771,no_auditado
2026-04-05,2026-04-05T16:30:00+00:00,segunda,Las Palmas,Huesca,2 - 1,1,455218,618610,no_auditado
2026-04-05,2026-04-05T19:00:00+00:00,laliga,Alavés,Osasuna,2 - 2,X,462026,619461,no_auditado
2026-04-05,2026-04-05T19:00:00+00:00,segunda,Zaragoza,Mirandes,1 - 2,2,623716,680733,no_auditado
2026-04-06,2026-04-06T17:00:00+00:00,segunda,Castellón,Granada CF,3 - 2,1,4471938,609249,no_auditado
2026-04-06,2026-04-06T18:30:00+00:00,segunda,Sporting Gijón,Real Sociedad B,1 - 0,1,622865,8157619,no_auditado
2026-04-06,2026-04-06T19:00:00+00:00,laliga,Girona,Villarreal,1 - 0,1,466281,454367,no_auditado
2026-04-10,2026-04-10T18:30:00+00:00,segunda,AD Ceuta FC,Real Sociedad B,0 - 0,X,8629073,8157619,no_auditado
2026-04-10,2026-04-10T19:00:00+00:00,laliga,Real Madrid,Girona,1 - 1,X,461175,466281,no_auditado
2026-04-11,2026-04-11T12:00:00+00:00,laliga,Real Sociedad,Alavés,3 - 3,X,467132,462026,no_auditado
2026-04-11,2026-04-11T14:15:00+00:00,laliga,Elche,Valencia,1 - 0,1,679031,453516,no_auditado
2026-04-11,2026-04-11T14:15:00+00:00,segunda,Burgos,Sporting Gijón,1 - 0,1,8153364,622865,no_auditado
2026-04-11,2026-04-11T14:15:00+00:00,segunda,Leganes,Albacete,2 - 1,1,457771,615206,no_auditado
2026-04-11,2026-04-11T16:30:00+00:00,laliga,Barcelona,Espanol,4 - 1,1,450963,460324,no_auditado
2026-04-11,2026-04-11T16:30:00+00:00,segunda,Malaga,Las Palmas,2 - 0,1,456069,455218,no_auditado
2026-04-11,2026-04-11T19:00:00+00:00,laliga,Sevilla FC,Atlético Madrid,2 - 1,1,456920,451814,no_auditado
2026-04-11,2026-04-11T19:00:00+00:00,segunda,Cordoba,Zaragoza,1 - 0,1,607547,623716,no_auditado
2026-04-12,2026-04-12T12:00:00+00:00,laliga,Osasuna,Real Betis,1 - 1,X,619461,462877,no_auditado
2026-04-12,2026-04-12T12:00:00+00:00,segunda,Granada CF,Cultural Leonesa,1 - 0,1,609249,617759,no_auditado
2026-04-12,2026-04-12T14:15:00+00:00,laliga,Mallorca,Rayo Vallecano,3 - 0,1,679882,620312,no_auditado
2026-04-12,2026-04-12T14:15:00+00:00,segunda,Huesca,Deportivo La Coruña,1 - 1,X,618610,463728,no_auditado
2026-04-12,2026-04-12T16:30:00+00:00,laliga,Celta de Vigo,Oviedo,0 - 3,2,458622,611802,no_auditado
2026-04-12,2026-04-12T16:30:00+00:00,segunda,Cadiz,FC Andorra,0 - 1,2,616908,6942391,no_auditado
2026-04-12,2026-04-12T16:30:00+00:00,segunda,Mirandes,Castellón,2 - 2,X,680733,4471938,no_auditado
2026-04-12,2026-04-12T19:00:00+00:00,laliga,Ath Bilbao,Villarreal,1 - 2,2,452665,454367,no_auditado
2026-04-12,2026-04-12T19:00:00+00:00,segunda,Racing Santander,Almería,5 - 1,1,3970699,616057,no_auditado
2026-04-13,2026-04-13T18:30:00+00:00,segunda,Valladolid,Eibar,0 - 0,X,613504,464579,no_auditado
2026-04-13,2026-04-13T19:00:00+00:00,laliga,Levante,Getafe,1 - 0,1,459473,465430,no_auditado
2026-04-17,2026-04-17T18:30:00+00:00,segunda,Real Sociedad B,Racing Santander,1 - 3,2,8157619,3970699,no_auditado
2026-04-17,2026-04-17T19:00:00+00:00,segunda,Las Palmas,Leganes,2 - 0,1,455218,457771,no_auditado
2026-04-18,2026-04-18T14:15:00+00:00,segunda,Zaragoza,AD Ceuta FC,2 - 2,X,623716,8629073,no_auditado
2026-04-18,2026-04-18T16:30:00+00:00,segunda,Castellón,Burgos,3 - 1,1,4471938,8153364,no_auditado
2026-04-18,2026-04-18T16:30:00+00:00,segunda,Cultural Leonesa,Cordoba,1 - 2,2,617759,607547,no_auditado
2026-04-19,2026-04-19T12:00:00+00:00,segunda,FC Andorra,Valladolid,1 - 0,1,6942391,613504,no_auditado
2026-04-19,2026-04-19T14:15:00+00:00,segunda,Sporting Gijón,Cadiz,3 - 0,1,622865,616908,no_auditado
2026-04-19,2026-04-19T16:30:00+00:00,segunda,Albacete,Granada CF,4 - 1,1,615206,609249,no_auditado
2026-04-19,2026-04-19T16:30:00+00:00,segunda,Eibar,Huesca,2 - 1,1,464579,618610,no_auditado
2026-04-19,2026-04-19T19:00:00+00:00,segunda,Almería,Malaga,3 - 2,1,616057,456069,no_auditado
2026-04-20,2026-04-20T18:30:00+00:00,segunda,Deportivo La Coruña,Mirandes,3 - 1,1,463728,680733,no_auditado
2026-04-21,2026-04-21T17:00:00+00:00,laliga,Ath Bilbao,Osasuna,1 - 0,1,452665,619461,no_auditado
2026-04-21,2026-04-21T17:00:00+00:00,laliga,Mallorca,Valencia,1 - 1,X,679882,453516,no_auditado
2026-04-21,2026-04-21T19:30:00+00:00,laliga,Girona,Real Betis,2 - 3,2,466281,462877,no_auditado
2026-04-21,2026-04-21T19:30:00+00:00,laliga,Real Madrid,Alavés,2 - 1,1,461175,462026,no_auditado
2026-04-22,2026-04-22T17:00:00+00:00,laliga,Elche,Atlético Madrid,3 - 2,1,679031,451814,no_auditado
2026-04-22,2026-04-22T18:00:00+00:00,laliga,Real Sociedad,Getafe,0 - 1,2,467132,465430,no_auditado
2026-04-22,2026-04-22T19:30:00+00:00,laliga,Barcelona,Celta de Vigo,1 - 0,1,450963,458622,no_auditado
2026-04-23,2026-04-23T17:00:00+00:00,laliga,Levante,Sevilla FC,2 - 0,1,459473,456920,no_auditado
2026-04-23,2026-04-23T18:00:00+00:00,laliga,Rayo Vallecano,Espanol,1 - 0,1,620312,460324,no_auditado
2026-04-23,2026-04-23T19:30:00+00:00,laliga,Oviedo,Villarreal,1 - 1,X,611802,454367,no_auditado
2026-04-24,2026-04-24T18:30:00+00:00,segunda,Albacete,Eibar,0 - 3,2,615206,464579,no_auditado
2026-04-24,2026-04-24T19:00:00+00:00,laliga,Real Betis,Real Madrid,1 - 1,X,462877,461175,no_auditado
2026-04-25,2026-04-25T12:00:00+00:00,laliga,Alavés,Mallorca,2 - 1,1,462026,679882,no_auditado
2026-04-25,2026-04-25T14:15:00+00:00,laliga,Getafe,Barcelona,0 - 2,2,465430,450963,no_auditado
2026-04-25,2026-04-25T14:15:00+00:00,segunda,Valladolid,Real Sociedad B,1 - 0,1,613504,8157619,no_auditado
2026-04-25,2026-04-25T16:30:00+00:00,laliga,Valencia,Girona,2 - 1,1,453516,466281,no_auditado
2026-04-25,2026-04-25T16:30:00+00:00,segunda,Burgos,Deportivo La Coruña,1 - 1,X,8153364,463728,no_auditado
2026-04-25,2026-04-25T19:00:00+00:00,laliga,Atlético Madrid,Ath Bilbao,3 - 2,1,451814,452665,no_auditado
2026-04-25,2026-04-25T19:00:00+00:00,segunda,Malaga,Castellón,2 - 3,2,456069,4471938,no_auditado
2026-04-26,2026-04-26T12:00:00+00:00,laliga,Rayo Vallecano,Real Sociedad,3 - 3,X,620312,467132,no_auditado
2026-04-26,2026-04-26T12:00:00+00:00,segunda,Cordoba,Sporting Gijón,3 - 2,1,607547,622865,no_auditado
2026-04-26,2026-04-26T14:15:00+00:00,laliga,Oviedo,Elche,1 - 2,2,611802,679031,no_auditado
2026-04-26,2026-04-26T14:15:00+00:00,segunda,Granada CF,Almería,2 - 4,2,609249,616057,no_auditado
2026-04-26,2026-04-26T14:15:00+00:00,segunda,Mirandes,Cultural Leonesa,2 - 1,1,680733,617759,no_auditado
2026-04-26,2026-04-26T16:30:00+00:00,laliga,Osasuna,Sevilla FC,2 - 1,1,619461,456920,no_auditado
2026-04-26,2026-04-26T16:30:00+00:00,segunda,Huesca,Zaragoza,1 - 0,1,618610,623716,no_auditado
2026-04-26,2026-04-26T16:30:00+00:00,segunda,Leganes,FC Andorra,0 - 4,2,457771,6942391,no_auditado
2026-04-26,2026-04-26T19:00:00+00:00,laliga,Villarreal,Celta de Vigo,2 - 1,1,454367,458622,no_auditado
2026-04-26,2026-04-26T19:00:00+00:00,segunda,AD Ceuta FC,Racing Santander,0 - 0,X,8629073,3970699,no_auditado
2026-04-27,2026-04-27T18:30:00+00:00,segunda,Cadiz,Las Palmas,1 - 2,2,616908,455218,no_auditado
2026-04-27,2026-04-27T19:00:00+00:00,laliga,Espanol,Levante,0 - 0,X,460324,459473,no_auditado
2026-05-01,2026-05-01T14:15:00+00:00,segunda,FC Andorra,Albacete,0 - 1,2,6942391,615206,no_auditado
2026-05-01,2026-05-01T16:30:00+00:00,segunda,Deportivo La Coruña,Leganes,2 - 1,1,463728,457771,no_auditado
2026-05-01,2026-05-01T19:00:00+00:00,laliga,Girona,Mallorca,0 - 1,2,466281,679882,no_auditado
2026-05-01,2026-05-01T19:00:00+00:00,segunda,Zaragoza,Granada CF,0 - 1,2,623716,609249,no_auditado
2026-05-02,2026-05-02T12:00:00+00:00,laliga,Villarreal,Levante,5 - 1,1,454367,459473,no_auditado
2026-05-02,2026-05-02T14:15:00+00:00,laliga,Valencia,Atlético Madrid,0 - 2,2,453516,451814,no_auditado
2026-05-02,2026-05-02T14:15:00+00:00,segunda,Cultural Leonesa,Cadiz,2 - 2,X,617759,616908,no_auditado
2026-05-02,2026-05-02T16:30:00+00:00,laliga,Alavés,Ath Bilbao,2 - 4,2,462026,452665,no_auditado
2026-05-02,2026-05-02T16:30:00+00:00,segunda,Castellón,Cordoba,1 - 2,2,4471938,607547,no_auditado
2026-05-02,2026-05-02T19:00:00+00:00,laliga,Osasuna,Barcelona,1 - 2,2,619461,450963,no_auditado
2026-05-02,2026-05-02T19:00:00+00:00,segunda,Eibar,Malaga,2 - 4,2,464579,456069,no_auditado
2026-05-03,2026-05-03T12:00:00+00:00,laliga,Celta de Vigo,Elche,3 - 1,1,458622,679031,no_auditado
2026-05-03,2026-05-03T12:00:00+00:00,segunda,Racing Santander,Huesca,4 - 2,1,3970699,618610,no_auditado
2026-05-03,2026-05-03T14:15:00+00:00,laliga,Getafe,Rayo Vallecano,0 - 2,2,465430,620312,no_auditado
2026-05-03,2026-05-03T14:15:00+00:00,segunda,Sporting Gijón,AD Ceuta FC,1 - 2,2,622865,8629073,no_auditado
2026-05-03,2026-05-03T16:30:00+00:00,laliga,Real Betis,Oviedo,3 - 0,1,462877,611802,no_auditado
2026-05-03,2026-05-03T16:30:00+00:00,segunda,Real Sociedad B,Burgos,0 - 0,X,8157619,8153364,no_auditado
2026-05-03,2026-05-03T19:00:00+00:00,laliga,Espanol,Real Madrid,0 - 2,2,460324,461175,no_auditado
2026-05-03,2026-05-03T19:00:00+00:00,segunda,Las Palmas,Valladolid,2 - 1,1,455218,613504,no_auditado
2026-05-04,2026-05-04T18:30:00+00:00,segunda,Almería,Mirandes,4 - 2,1,616057,680733,no_auditado
2026-05-04,2026-05-04T19:00:00+00:00,laliga,Sevilla FC,Real Sociedad,1 - 0,1,456920,467132,no_auditado
2026-05-08,2026-05-08T18:30:00+00:00,segunda,Cadiz,Deportivo La Coruña,0 - 1,2,616908,463728,no_auditado
2026-05-08,2026-05-08T19:00:00+00:00,laliga,Levante,Osasuna,3 - 2,1,459473,619461,no_auditado
2026-05-09,2026-05-09T12:00:00+00:00,laliga,Elche,Alavés,1 - 1,X,679031,462026,no_auditado
2026-05-09,2026-05-09T12:00:00+00:00,segunda,AD Ceuta FC,Castellón,1 - 1,X,8629073,4471938,no_auditado
2026-05-09,2026-05-09T14:15:00+00:00,laliga,Sevilla FC,Espanol,2 - 1,1,456920,460324,no_auditado
2026-05-09,2026-05-09T14:15:00+00:00,segunda,Albacete,Cultural Leonesa,2 - 1,1,615206,617759,no_auditado
2026-05-09,2026-05-09T14:15:00+00:00,segunda,Burgos,Almería,0 - 0,X,8153364,616057,no_auditado
2026-05-09,2026-05-09T16:30:00+00:00,laliga,Atlético Madrid,Celta de Vigo,0 - 1,2,451814,458622,no_auditado
2026-05-09,2026-05-09T16:30:00+00:00,segunda,Valladolid,Zaragoza,2 - 0,1,613504,623716,no_auditado
2026-05-09,2026-05-09T19:00:00+00:00,laliga,Real Sociedad,Real Betis,2 - 2,X,467132,462877,no_auditado
2026-05-09,2026-05-09T19:00:00+00:00,segunda,Malaga,Sporting Gijón,2 - 1,1,456069,622865,no_auditado
2026-05-10,2026-05-10T12:00:00+00:00,laliga,Mallorca,Villarreal,1 - 1,X,679882,454367,no_auditado
2026-05-10,2026-05-10T12:00:00+00:00,segunda,FC Andorra,Las Palmas,5 - 1,1,6942391,455218,no_auditado
2026-05-10,2026-05-10T14:15:00+00:00,laliga,Ath Bilbao,Valencia,0 - 1,2,452665,453516,no_auditado
2026-05-10,2026-05-10T14:15:00+00:00,segunda,Leganes,Racing Santander,1 - 2,2,457771,3970699,no_auditado
2026-05-10,2026-05-10T16:30:00+00:00,laliga,Oviedo,Getafe,0 - 0,X,611802,465430,no_auditado
2026-05-10,2026-05-10T16:30:00+00:00,segunda,Cordoba,Granada CF,1 - 0,1,607547,609249,no_auditado
2026-05-10,2026-05-10T16:30:00+00:00,segunda,Mirandes,Eibar,0 - 1,2,680733,464579,no_auditado
2026-05-10,2026-05-10T19:00:00+00:00,laliga,Barcelona,Real Madrid,2 - 0,1,450963,461175,no_auditado
2026-05-11,2026-05-11T18:30:00+00:00,segunda,Huesca,Real Sociedad B,1 - 2,2,618610,8157619,no_auditado
2026-05-11,2026-05-11T19:00:00+00:00,laliga,Rayo Vallecano,Girona,1 - 1,X,620312,466281,no_auditado
2026-05-12,2026-05-12T17:00:00+00:00,laliga,Celta de Vigo,Levante,2 - 3,2,458622,459473,no_auditado
2026-05-12,2026-05-12T18:00:00+00:00,laliga,Real Betis,Elche,2 - 1,1,462877,679031,no_auditado
2026-05-12,2026-05-12T19:30:00+00:00,laliga,Osasuna,Atlético Madrid,1 - 2,2,619461,451814,no_auditado
2026-05-13,2026-05-13T17:00:00+00:00,laliga,Espanol,Ath Bilbao,2 - 0,1,460324,452665,no_auditado
2026-05-13,2026-05-13T17:00:00+00:00,laliga,Villarreal,Sevilla FC,2 - 3,2,454367,456920,no_auditado
2026-05-13,2026-05-13T19:30:00+00:00,laliga,Alavés,Barcelona,1 - 0,1,462026,450963,no_auditado
2026-05-13,2026-05-13T19:30:00+00:00,laliga,Getafe,Mallorca,3 - 1,1,465430,679882,no_auditado
2026-05-14,2026-05-14T17:00:00+00:00,laliga,Valencia,Rayo Vallecano,1 - 1,X,453516,620312,no_auditado
2026-05-14,2026-05-14T18:00:00+00:00,laliga,Girona,Real Sociedad,1 - 1,X,466281,467132,no_auditado
2026-05-14,2026-05-14T19:30:00+00:00,laliga,Real Madrid,Oviedo,2 - 0,1,461175,611802,no_auditado
2026-05-15,2026-05-15T18:30:00+00:00,segunda,Castellón,Cadiz,1 - 1,X,4471938,616908,no_auditado
2026-05-15,2026-05-15T19:00:00+00:00,segunda,Cordoba,Albacete,1 - 2,2,607547,615206,no_auditado
2026-05-16,2026-05-16T12:00:00+00:00,segunda,Real Sociedad B,Mirandes,2 - 2,X,8157619,680733,no_auditado
2026-05-16,2026-05-16T14:15:00+00:00,segunda,AD Ceuta FC,Malaga,1 - 4,2,8629073,456069,no_auditado
2026-05-16,2026-05-16T14:15:00+00:00,segunda,Cultural Leonesa,Eibar,2 - 1,1,617759,464579,no_auditado
2026-05-16,2026-05-16T16:30:00+00:00,segunda,Almería,Las Palmas,1 - 2,2,616057,455218,no_auditado
2026-05-16,2026-05-16T16:30:00+00:00,segunda,Granada CF,Burgos,0 - 1,2,609249,8153364,no_auditado
2026-05-16,2026-05-16T16:30:00+00:00,segunda,Racing Santander,Valladolid,4 - 1,1,3970699,613504,no_auditado
2026-05-17,2026-05-17T12:00:00+00:00,segunda,Deportivo La Coruña,FC Andorra,2 - 1,1,463728,6942391,no_auditado
2026-05-17,2026-05-17T17:00:00+00:00,laliga,Ath Bilbao,Celta de Vigo,1 - 1,X,452665,458622,no_auditado
2026-05-17,2026-05-17T17:00:00+00:00,laliga,Atlético Madrid,Girona,1 - 0,1,451814,466281,no_auditado
2026-05-17,2026-05-17T17:00:00+00:00,laliga,Elche,Getafe,1 - 0,1,679031,465430,no_auditado
2026-05-17,2026-05-17T17:00:00+00:00,laliga,Levante,Mallorca,2 - 0,1,459473,679882,no_auditado
2026-05-17,2026-05-17T17:00:00+00:00,laliga,Osasuna,Espanol,1 - 2,2,619461,460324,no_auditado
2026-05-17,2026-05-17T17:00:00+00:00,laliga,Oviedo,Alavés,0 - 1,2,611802,462026,no_auditado
2026-05-17,2026-05-17T17:00:00+00:00,laliga,Rayo Vallecano,Villarreal,2 - 0,1,620312,454367,no_auditado
2026-05-17,2026-05-17T17:00:00+00:00,laliga,Real Sociedad,Valencia,3 - 4,2,467132,453516,no_auditado
2026-05-17,2026-05-17T17:00:00+00:00,laliga,Sevilla FC,Real Madrid,0 - 1,2,456920,461175,no_auditado
2026-05-17,2026-05-17T19:15:00+00:00,laliga,Barcelona,Real Betis,3 - 1,1,450963,462877,no_auditado
2026-05-17,2026-05-17T19:15:00+00:00,segunda,Zaragoza,Sporting Gijón,1 - 3,2,623716,622865,no_auditado
2026-05-18,2026-05-18T18:30:00+00:00,segunda,Leganes,Huesca,0 - 0,X,457771,618610,no_auditado
2026-05-23,2026-05-23T19:00:00+00:00,laliga,Alavés,Rayo Vallecano,1 - 2,2,462026,620312,no_auditado
2026-05-23,2026-05-23T19:00:00+00:00,laliga,Celta de Vigo,Sevilla FC,1 - 0,1,458622,456920,no_auditado
2026-05-23,2026-05-23T19:00:00+00:00,laliga,Espanol,Real Sociedad,1 - 1,X,460324,467132,no_auditado
2026-05-23,2026-05-23T19:00:00+00:00,laliga,Getafe,Osasuna,1 - 0,1,465430,619461,no_auditado
2026-05-23,2026-05-23T19:00:00+00:00,laliga,Girona,Elche,1 - 1,X,466281,679031,no_auditado
2026-05-23,2026-05-23T19:00:00+00:00,laliga,Mallorca,Oviedo,3 - 0,1,679882,611802,no_auditado
2026-05-23,2026-05-23T19:00:00+00:00,laliga,Real Betis,Levante,2 - 1,1,462877,459473,no_auditado
2026-05-23,2026-05-23T19:00:00+00:00,laliga,Real Madrid,Ath Bilbao,4 - 2,1,461175,452665,no_auditado
2026-05-23,2026-05-23T19:00:00+00:00,laliga,Valencia,Barcelona,3 - 1,1,453516,450963,no_auditado
2026-05-24,2026-05-24T14:15:00+00:00,segunda,Albacete,Real Sociedad B,3 - 1,1,615206,8157619,no_auditado
2026-05-24,2026-05-24T14:15:00+00:00,segunda,FC Andorra,AD Ceuta FC,0 - 2,2,6942391,8629073,no_auditado
2026-05-24,2026-05-24T16:30:00+00:00,segunda,Cadiz,Leganes,3 - 0,1,616908,457771,no_auditado
2026-05-24,2026-05-24T16:30:00+00:00,segunda,Cultural Leonesa,Burgos,0 - 2,2,617759,8153364,no_auditado
2026-05-24,2026-05-24T16:30:00+00:00,segunda,Eibar,Cordoba,2 - 0,1,464579,607547,no_auditado
2026-05-24,2026-05-24T16:30:00+00:00,segunda,Huesca,Castellón,0 - 1,2,618610,4471938,no_auditado
2026-05-24,2026-05-24T16:30:00+00:00,segunda,Las Palmas,Zaragoza,1 - 1,X,455218,623716,no_auditado
2026-05-24,2026-05-24T16:30:00+00:00,segunda,Malaga,Racing Santander,1 - 1,X,456069,3970699,no_auditado
2026-05-24,2026-05-24T16:30:00+00:00,segunda,Mirandes,Granada CF,3 - 1,1,680733,609249,no_auditado
2026-05-24,2026-05-24T16:30:00+00:00,segunda,Sporting Gijón,Almería,3 - 1,1,622865,616057,no_auditado
2026-05-24,2026-05-24T16:30:00+00:00,segunda,Valladolid,Deportivo La Coruña,0 - 2,2,613504,463728,no_auditado
2026-05-24,2026-05-24T19:00:00+00:00,laliga,Villarreal,Atlético Madrid,5 - 1,1,454367,451814,no_auditado
2026-05-30,2026-05-30T14:15:00+00:00,segunda,AD Ceuta FC,Albacete,1 - 0,1,8629073,615206,no_auditado
2026-05-30,2026-05-30T14:15:00+00:00,segunda,Real Sociedad B,Cultural Leonesa,1 - 1,X,8157619,617759,no_auditado
2026-05-30,2026-05-30T19:00:00+00:00,segunda,Granada CF,Sporting Gijón,1 - 2,2,609249,622865,no_auditado
2026-05-31,2026-05-31T16:30:00+00:00,segunda,Almería,Valladolid,1 - 0,1,616057,613504,no_auditado
2026-05-31,2026-05-31T16:30:00+00:00,segunda,Burgos,FC Andorra,1 - 0,1,8153364,6942391,no_auditado
2026-05-31,2026-05-31T16:30:00+00:00,segunda,Castellón,Eibar,2 - 1,1,4471938,464579,no_auditado
2026-05-31,2026-05-31T16:30:00+00:00,segunda,Deportivo La Coruña,Las Palmas,1 - 2,2,463728,455218,no_auditado
2026-05-31,2026-05-31T16:30:00+00:00,segunda,Racing Santander,Cadiz,4 - 1,1,3970699,616908,no_auditado
2026-05-31,2026-05-31T16:30:00+00:00,segunda,Zaragoza,Malaga,0 - 2,2,623716,456069,no_auditado
2026-05-31,2026-05-31T19:00:00+00:00,segunda,Cordoba,Huesca,1 - 1,X,607547,618610,no_auditado
2026-05-31,2026-05-31T19:00:00+00:00,segunda,Leganes,Mirandes,1 - 0,1,457771,680733,no_auditado
